PLAYER,SEASON,AGE,HEIGHT,MPG,PPG,GP,W,TRB,AST,STL,BLK,TOV,FG%,TS%,USG%,NET_RATING,OREB_PCT,DREB_PCT,AST_PCT,WIN_RATE,PEAK_AGE_DIST,PREV_PPG,PREV_PPG_2,PREV_USG%,PREV_GP,PPG_MOMENTUM,CAREER_SEASON_NUM,REALE_NEXT_PPG,PREDIZIONE
A.J. Lawson,2023-24,23.0,198.12000000000003,7.4,3.2,42,27,1.2,0.5,0.2,0.1,0.3,0.446,0.519,0.18,1.2,0.039,0.10500000000000001,0.089,0.643,4.0,3.7,3.7,0.189,15.0,0.0,2,9.1,6.4
AJ Green,2023-24,24.0,193.04,11.0,4.5,56,35,1.1,0.5,0.2,0.1,0.2,0.423,0.617,0.15,3.5,0.015,0.089,0.068,0.625,3.0,4.4,4.4,0.159,35.0,0.0,2,7.4,6.3
Aaron Gordon,2023-24,28.0,203.2,31.5,13.9,73,49,6.5,3.5,0.8,0.6,1.4,0.556,0.607,0.174,8.7,0.078,0.129,0.147,0.671,1.0,16.3,15.0,0.206,68.0,1.9500000000000008,10,14.7,13.2
Aaron Holiday,2023-24,27.0,182.88,16.3,6.6,78,39,1.6,1.8,0.5,0.1,0.7,0.44600000000000006,0.578,0.158,2.9,0.017,0.075,0.157,0.5,0.0,3.9,6.3,0.129,63.0,-1.6499999999999992,6,5.5,6.3
Aaron Nesmith,2023-24,24.0,198.12,27.7,12.2,72,41,3.7999999999999994,1.5,0.8999999999999999,0.7,0.8999999999999999,0.49600000000000005,0.631,0.158,4.3,0.032,0.103,0.067,0.569,3.0,10.1,3.8,0.168,73.0,2.6999999999999993,4,12.0,13.5
Aaron Wiggins,2023-24,25.0,195.58,15.7,6.9,78,55,2.4,1.1,0.7,0.2,0.7,0.562,0.664,0.163,5.7,0.052,0.095,0.096,0.705,2.0,6.8,8.3,0.143,70.0,-1.5000000000000018,3,12.0,8.3
Al Horford,2023-24,38.0,205.74,26.8,8.6,65,51,6.4,2.6,0.6,1.0,0.7,0.511,0.65,0.119,11.4,0.048,0.178,0.12400000000000001,0.785,11.0,9.8,10.2,0.119,63.0,-2.2,17,9.0,7.0
Alec Burks,2023-24,32.0,195.58,18.4,10.4,66,18,2.3,1.3,0.4,0.2,0.7,0.369,0.536,0.234,-10.7,0.019,0.103,0.115,0.273,5.0,12.8,11.7,0.218,51.0,0.0500000000000005,13,7.3,6.3
Alex Caruso,2023-24,30.0,195.58,28.7,10.1,71,34,3.8000000000000003,3.5,1.7,1.0,1.4,0.468,0.613,0.146,0.3,0.031,0.103,0.167,0.479,3.0,5.6,7.400000000000001,0.109,67.0,-0.4000000000000001,7,7.1,8.5
Alex Len,2023-24,31.0,213.36,9.3,2.5,48,24,2.7000000000000006,1.0,0.20000000000000004,0.6999999999999998,0.6,0.617,0.625,0.114,15.4,0.09800000000000002,0.17899999999999996,0.142,0.5,4.0,1.6999999999999997,6.0,0.132,26.0,-2.4499999999999993,11,1.6,1.6
Alperen Sengun,2023-24,21.0,210.82,32.5,21.1,63,29,9.3,5.0,1.2,0.7,2.6,0.537,0.585,0.27,0.8,0.086,0.193,0.248,0.46,6.0,14.8,9.6,0.211,75.0,5.199999999999999,3,19.1,23.1
Amen Thompson,2023-24,21.0,200.66,22.4,9.5,62,30,6.6,2.6,1.3,0.6,1.5,0.536,0.576,0.173,2.1,0.095,0.184,0.165,0.484,6.0,9.5,9.5,0.173,62.0,0.0,1,14.1,12.3
Amir Coffey,2023-24,27.0,200.66,20.9,6.6,70,46,2.1,1.1,0.6,0.2,0.5,0.472,0.604,0.119,-3.4,0.02,0.08,0.068,0.657,0.0,3.4,9.0,0.128,50.0,0.10000000000000094,5,9.7,6.5
Andre Drummond,2023-24,30.0,210.82,17.1,8.4,79,37,9.0,0.5,0.9000000000000001,0.6,1.0,0.556,0.576,0.201,0.8,0.187,0.331,0.041,0.468,3.0,6.0,7.9,0.196,67.0,-4.450000000000001,12,7.3,5.8
Andre Jackson Jr.,2023-24,22.0,198.12,10.0,2.2,57,33,2.0,0.9,0.3,0.1,0.5,0.5,0.596,0.097,-7.3,0.077,0.127,0.113,0.579,5.0,2.2,2.2,0.097,57.0,0.0,1,3.4,4.0
Andrew Nembhard,2023-24,24.0,193.04,25.0,9.2,68,41,2.1,4.1,0.9,0.1,1.5,0.49799999999999994,0.573,0.161,2.2,0.021,0.06,0.208,0.603,3.0,9.5,9.5,0.159,75.0,0.0,2,10.0,10.5
Andrew Wiggins,2023-24,29.0,200.66,27.0,13.2,71,38,4.5,1.7,0.6,0.6,1.2,0.45300000000000007,0.544,0.206,-1.3,0.055,0.105,0.087,0.535,2.0,17.1,17.2,0.212,37.0,-0.7499999999999982,10,18.0,13.2
Anfernee Simons,2023-24,25.0,190.5,34.4,22.6,46,11,3.6,5.5,0.5,0.1,2.7,0.43000000000000005,0.568,0.276,-10.6,0.013,0.09699999999999999,0.268,0.239,2.0,21.1,17.3,0.247,62.0,6.650000000000001,6,19.3,20.7
Anthony Black,2023-24,20.0,200.66,16.9,4.6,69,39,2.0,1.3,0.5,0.3,0.8,0.466,0.56,0.123,-1.0,0.028999999999999998,0.093,0.108,0.565,7.0,4.6,4.6,0.123,69.0,0.0,1,9.4,7.5
Anthony Davis,2023-24,31.0,208.28,35.5,24.7,76,45,12.6,3.5,1.2,2.3,2.1,0.556,0.621,0.261,2.6,0.093,0.252,0.151,0.592,4.0,25.9,23.2,0.277,56.0,2.049999999999993,12,24.7,22.4
Anthony Edwards,2023-24,22.0,193.04,35.1,25.9,79,54,5.4,5.1,1.3,0.5,3.1,0.4610000000000001,0.575,0.314,7.299999999999999,0.02,0.131,0.24099999999999996,0.684,5.0,24.6,21.3,0.292,79.0,2.6500000000000012,4,27.6,27.6
Anthony Gill,2023-24,31.0,203.2,9.3,3.8,50,9,1.9,0.7,0.3,0.2,0.5,0.469,0.537,0.177,1.2,0.078,0.117,0.098,0.18,4.0,3.3,4.1,0.116,59.0,0.09999999999999952,4,2.5,3.5
Ausar Thompson,2023-24,21.0,198.12,25.1,8.8,63,10,6.4,1.9,1.1,0.9,1.3,0.483,0.522,0.161,-5.3,0.077,0.173,0.108,0.159,6.0,8.8,8.8,0.161,63.0,0.0,1,10.1,10.1
Austin Reaves,2023-24,26.0,195.58,32.1,15.899999999999999,82,47,4.3,5.5,0.8000000000000002,0.3,2.1,0.486,0.613,0.198,-1.0,0.023,0.10699999999999998,0.23699999999999996,0.573,1.0,13.0,7.3,0.154,64.0,5.699999999999997,3,20.2,16.5
Ayo Dosunmu,2023-24,24.0,195.58,29.099999999999998,12.2,76,37,2.8,3.2,0.9,0.5,1.4,0.501,0.604,0.168,-3.3,0.024,0.072,0.157,0.487,3.0,8.6,8.8,0.145,80.0,-0.20000000000000215,3,12.3,12.8
Bam Adebayo,2023-24,26.0,205.74,34.0,19.3,71,40,10.4,3.8999999999999995,1.1,0.9,2.3,0.521,0.576,0.247,0.8,0.067,0.242,0.193,0.563,1.0,20.4,19.1,0.251,75.0,0.8499999999999979,7,18.1,19.0
Ben Sheppard,2023-24,22.0,198.12,14.3,4.4,57,32,1.6,0.9,0.6,0.0,0.3,0.393,0.524,0.125,4.7,0.018000000000000002,0.092,0.07200000000000001,0.561,5.0,4.4,4.4,0.125,57.0,0.0,1,5.3,6.7
Ben Simmons,2023-24,27.0,208.28,23.9,6.1,15,7,7.9,5.7,0.8,0.6,1.8,0.581,0.571,0.126,-3.4,0.08,0.241,0.306,0.467,0.0,6.9,14.3,0.142,42.0,-4.750000000000001,6,5.0,5.5
Bennedict Mathurin,2023-24,22.0,195.58,26.1,14.5,59,33,4.0,2.0,0.6,0.2,1.6,0.446,0.562,0.226,-2.9,0.038,0.113,0.105,0.559,5.0,16.7,16.7,0.235,78.0,0.0,2,16.1,17.4
Bilal Coulibaly,2023-24,19.0,203.2,27.2,8.4,63,11,4.1,1.7,0.9,0.8,1.4,0.435,0.543,0.139,-11.0,0.031,0.116,0.086,0.175,8.0,8.4,8.4,0.139,63.0,0.0,1,12.3,9.6
Bismack Biyombo,2023-24,31.0,203.2,19.8,4.4,40,20,5.2,1.3,0.3,0.9,1.1,0.565,0.562,0.10600000000000001,-3.8,0.076,0.179,0.087,0.5,4.0,4.3,5.8,0.136,61.0,-0.3500000000000002,13,5.1,2.9
Blake Wesley,2023-24,21.0,190.5,14.4,4.4,61,19,1.5,2.7,0.5,0.1,0.9,0.474,0.537,0.144,-7.8,0.019,0.084,0.257,0.311,6.0,5.0,5.0,0.18,37.0,0.0,2,3.7,6.2
Bobby Portis,2023-24,29.0,208.28,24.5,13.800000000000002,82,49,7.400000000000001,1.3,0.8000000000000002,0.4000000000000001,1.1,0.508,0.581,0.22400000000000003,-0.10000000000000002,0.071,0.228,0.078,0.598,2.0,14.1,14.600000000000001,0.211,70.0,1.3500000000000003,9,13.9,13.5
Bogdan Bogdanović,2023-24,31.0,195.58,30.4,16.9,79,35,3.3999999999999995,3.1,1.2,0.3,1.4,0.428,0.569,0.21800000000000003,1.9,0.021,0.092,0.147,0.443,4.0,14.0,15.1,0.19599999999999998,54.0,-1.199999999999999,7,10.8,14.9
Bol Bol,2023-24,24.0,220.98,10.9,5.2,43,28,3.1999999999999997,0.39999999999999997,0.19999999999999998,0.6,0.39999999999999997,0.616,0.7,0.156,0.09999999999999999,0.069,0.20199999999999999,0.054,0.651,3.0,9.1,2.4,0.177,70.0,3.4499999999999984,5,6.8,5.6
Bones Hyland,2023-24,23.0,187.96,14.599999999999998,6.9,37,20,1.5,2.5,0.7,0.1,1.2,0.386,0.49,0.241,-6.0,0.009,0.088,0.269,0.541,4.0,11.8,10.1,0.271,56.0,1.7000000000000004,3,6.2,8.1
Bradley Beal,2023-24,31.0,193.04,33.3,18.2,53,33,4.4,5.0,1.0,0.5,2.5,0.513,0.607,0.224,3.0,0.033,0.099,0.215,0.623,4.0,23.2,23.2,0.288,50.0,-4.0500000000000025,12,17.0,18.1
Brandin Podziemski,2023-24,21.0,193.04,26.6,9.2,74,41,5.8,3.7,0.8,0.2,1.2,0.45400000000000007,0.54,0.149,5.9,0.057999999999999996,0.149,0.176,0.554,6.0,9.2,9.2,0.149,74.0,0.0,1,11.7,12.4
Brandon Boston,2023-24,22.0,198.12,10.8,5.2,32,17,1.6,0.4,0.3,0.3,0.8,0.404,0.476,0.24,-15.7,0.05,0.093,0.06,0.531,5.0,6.5,6.7,0.237,22.0,-0.20000000000000115,3,10.7,7.8
Brandon Miller,2023-24,21.0,200.66,32.2,17.3,74,18,4.3,2.4,0.9000000000000001,0.6,1.8000000000000003,0.44000000000000006,0.552,0.23500000000000001,-10.2,0.025,0.112,0.114,0.243,6.0,17.3,17.3,0.23500000000000001,74.0,0.0,1,21.0,17.9
Brice Sensabaugh,2023-24,20.0,195.58,18.3,7.5,32,8,3.2,1.7,0.4,0.2,1.5,0.39,0.511,0.201,-14.2,0.027,0.151,0.134,0.25,7.0,7.5,7.5,0.201,32.0,0.0,1,10.9,6.8
Brook Lopez,2023-24,36.0,215.90000000000003,30.5,12.5,79,48,5.2,1.6,0.5,2.4,1.0,0.485,0.608,0.156,5.2,0.049,0.11,0.071,0.608,9.0,15.9,12.400000000000002,0.187,78.0,1.7999999999999978,16,13.0,10.3
Bruce Brown,2023-24,27.0,193.04,27.8,10.8,67,26,4.2,2.9,0.9,0.3,1.3,0.4779999999999999,0.563,0.161,-5.8,0.028,0.126,0.132,0.388,0.0,11.5,9.0,0.174,80.0,1.349999999999999,6,8.3,9.2
Buddy Hield,2023-24,31.0,193.04,25.699999999999996,12.1,84,46,3.2,2.8,0.8,0.5,1.2,0.43600000000000005,0.578,0.186,1.1,0.026999999999999996,0.09800000000000002,0.143,0.548,4.0,16.8,15.6,0.205,80.0,0.0999999999999987,8,11.1,11.1
CJ McCollum,2023-24,32.0,190.5,32.7,20.0,66,42,4.3,4.6,0.9,0.6,1.7,0.459,0.592,0.244,3.7,0.018,0.116,0.209,0.636,5.0,20.9,22.1,0.26,75.0,-1.100000000000004,11,21.1,19.0
Cade Cunningham,2023-24,22.0,198.12,33.5,22.7,62,9,4.3,7.5,0.9,0.4,3.4,0.449,0.546,0.298,-7.9,0.016,0.115,0.359,0.145,5.0,19.9,17.4,0.287,12.0,2.4999999999999982,3,26.1,23.6
Caleb Houstan,2023-24,21.0,203.2,13.8,4.3,59,31,1.4,0.5,0.3,0.1,0.3,0.388,0.582,0.122,-1.8,0.034,0.067,0.051,0.525,6.0,3.8,3.8,0.107,51.0,0.0,2,4.1,6.6
Caleb Martin,2023-24,28.0,195.58,27.4,10.0,64,36,4.4,2.2,0.7,0.5,1.2,0.431,0.531,0.168,1.9,0.042,0.119,0.118,0.563,1.0,9.6,9.2,0.143,71.0,2.299999999999999,5,7.9,9.0
Cam Reddish,2023-24,24.0,200.66,20.5,5.400000000000001,48,27,2.1,1.0,1.0,0.3,0.6,0.389,0.504,0.123,-2.7999999999999994,0.028,0.071,0.062,0.563,3.0,9.7,10.1,0.166,40.0,-0.7500000000000013,5,3.2,6.7
Cam Thomas,2023-24,22.0,190.5,31.400000000000002,22.5,66,23,3.2,2.9,0.7,0.2,1.9,0.442,0.554,0.296,-5.2,0.013,0.089,0.151,0.348,5.0,10.6,8.5,0.268,57.0,2.0999999999999983,3,24.0,20.6
Cam Whitmore,2023-24,19.0,200.66,18.7,12.3,47,19,3.8,0.7,0.6,0.4,1.0,0.454,0.561,0.255,-1.0,0.044000000000000004,0.148,0.058,0.40399999999999997,8.0,12.3,12.3,0.255,47.0,0.0,1,9.4,13.8
Cameron Johnson,2023-24,28.0,203.2,27.6,13.4,58,21,4.3,2.4,0.8,0.3,1.0,0.44600000000000006,0.582,0.19,-3.4,0.032,0.124,0.129,0.362,1.0,15.5,12.5,0.202,42.0,2.949999999999999,5,18.8,10.8
Cameron Payne,2023-24,29.0,190.5,16.7,7.4,78,46,1.5,2.6,0.5,0.1,0.8,0.432,0.566,0.185,-0.8,0.016,0.073,0.22199999999999998,0.59,2.0,10.3,10.8,0.239,48.0,0.9499999999999994,9,6.9,6.9
Caris LeVert,2023-24,29.0,198.12,28.8,14.0,68,38,4.1,5.1,1.1,0.5,1.7,0.421,0.524,0.224,2.8,0.02,0.121,0.258,0.559,2.0,12.1,17.0,0.183,74.0,-4.049999999999999,8,12.1,14.2
Cason Wallace,2023-24,20.0,190.5,20.6,6.800000000000001,82,57,2.3,1.5,0.8999999999999999,0.5,0.5,0.491,0.612,0.127,3.9000000000000004,0.032,0.077,0.092,0.695,7.0,6.800000000000001,6.800000000000001,0.127,82.0,0.0,1,8.4,10.4
Charles Bassey,2023-24,23.0,208.28,10.8,3.3,19,3,4.0,1.1,0.4,0.9,0.8,0.725,0.739,0.10999999999999999,-11.6,0.102,0.265,0.136,0.158,4.0,5.7,3.0,0.152,35.0,2.699999999999999,3,4.4,4.0
Chet Holmgren,2023-24,22.0,215.89999999999998,29.399999999999995,16.5,82,57,7.900000000000001,2.4,0.6,2.3,1.6000000000000003,0.53,0.632,0.21,9.0,0.05600000000000001,0.198,0.11200000000000002,0.695,5.0,16.5,16.5,0.21,82.0,0.0,1,15.0,19.2
Chris Boucher,2023-24,31.0,205.74,14.1,6.4,50,16,4.1,0.5,0.3,0.5,0.6,0.507,0.625,0.16699999999999998,2.4,0.084,0.20200000000000004,0.044,0.32,4.0,9.4,9.4,0.175,76.0,-2.0999999999999996,7,10.0,5.4
Chris Paul,2023-24,39.0,182.88,26.4,9.2,58,33,3.9,6.8,1.2,0.1,1.3,0.441,0.544,0.154,2.8,0.011,0.126,0.342,0.569,12.0,13.9,14.7,0.195,59.0,-1.2499999999999971,19,8.8,8.8
Christian Braun,2023-24,23.0,198.12,20.2,7.300000000000001,82,57,3.7000000000000006,1.6000000000000003,0.5,0.4000000000000001,0.7,0.45999999999999996,0.554,0.152,0.7,0.046,0.126,0.10900000000000001,0.695,4.0,4.7,4.7,0.127,76.0,0.0,2,15.400000000000002,9.3
Clint Capela,2023-24,30.0,208.28,25.8,11.5,73,33,10.6,1.2,0.6,1.5,1.0,0.571,0.59,0.167,-0.1,0.157,0.232,0.067,0.452,3.0,12.0,11.1,0.151,65.0,-1.6000000000000003,10,8.9,10.0
Coby White,2023-24,24.0,195.58,36.5,19.1,79,37,4.5,5.1,0.7,0.2,2.1,0.447,0.57,0.22400000000000003,-0.7,0.015000000000000001,0.11,0.204,0.468,3.0,9.7,12.7,0.17,74.0,-2.699999999999998,5,20.4,18.0
Cody Martin,2023-24,28.0,198.12000000000003,26.9,7.5,28,7,3.9,3.7,1.1,0.6,1.6,0.38099999999999995,0.46,0.157,-10.5,0.024,0.124,0.192,0.25,1.0,5.0,7.700000000000001,0.121,7.0,0.5000000000000003,5,6.8,5.8
Colby Jones,2023-24,22.0,198.12,6.4,2.1,30,15,1.3,0.7,0.2,0.2,0.3,0.394,0.422,0.178,1.5,0.076,0.11999999999999998,0.159,0.5,5.0,2.1,2.1,0.178,30.0,0.0,1,4.0,4.7
Cole Anthony,2023-24,24.0,187.96,22.4,11.6,81,47,3.8000000000000003,2.9,0.7999999999999999,0.5,1.5999999999999999,0.435,0.545,0.232,2.6,0.036,0.14,0.19999999999999998,0.58,3.0,13.0,16.3,0.209,60.0,0.049999999999999385,4,9.4,13.6
Collin Gillespie,2023-24,25.0,185.42,9.4,3.6,24,15,0.9,1.1,0.5,0.0,0.6,0.464,0.586,0.166,2.5,0.004,0.085,0.164,0.625,2.0,3.6,3.6,0.166,24.0,0.0,1,5.9,5.7
Collin Sexton,2023-24,25.0,190.5,26.6,18.7,78,29,2.6,4.9,0.8,0.2,2.1,0.487,0.607,0.267,-3.4,0.033,0.064,0.283,0.372,2.0,14.300000000000002,16.0,0.23,48.0,-4.999999999999999,6,18.4,19.5
Corey Kispert,2023-24,25.0,198.12,25.8,13.4,80,15,2.8,2.0,0.5,0.2,1.2,0.48599999999999993,0.62,0.191,-10.7,0.014000000000000002,0.091,0.11100000000000002,0.188,2.0,11.1,8.2,0.139,74.0,2.8999999999999977,3,11.6,11.7
Cory Joseph,2023-24,32.0,187.96,11.400000000000002,2.4,26,10,1.2,1.6,0.2,0.1,0.5,0.359,0.47,0.108,-3.0,0.019,0.08299999999999999,0.174,0.385,5.0,6.9,8.0,0.149,62.0,-0.649999999999999,13,3.5,3.7
Craig Porter Jr.,2023-24,24.0,185.42,12.7,5.6,51,30,2.1,2.3,0.4,0.3,0.9,0.509,0.564,0.201,-1.6,0.035,0.138,0.265,0.588,3.0,5.6,5.6,0.201,51.0,0.0,1,3.7,6.9
D'Angelo Russell,2023-24,28.0,190.5,32.7,18.0,76,46,3.1,6.3,0.9,0.5,2.1,0.45599999999999996,0.588,0.222,2.6,0.012,0.079,0.261,0.605,1.0,17.8,18.1,0.225,71.0,-0.6000000000000002,9,12.6,17.0
Dalano Banton,2023-24,24.0,203.2,19.4,10.3,54,24,3.3,2.4,0.6,0.4,1.4,0.404,0.504,0.25,-10.2,0.036,0.13,0.2,0.444,3.0,4.6,3.2,0.229,31.0,1.3999999999999986,3,8.3,8.9
Dalen Terry,2023-24,21.0,200.66,11.5,3.1,59,27,1.9,1.4,0.5,0.3,0.5,0.439,0.512,0.127,2.2,0.042,0.124,0.151,0.458,6.0,2.2,2.2,0.173,38.0,0.0,2,4.5,6.6
Damian Lillard,2023-24,33.0,187.96,35.3,24.3,73,48,4.4,7.0,1.0,0.2,2.6,0.424,0.59,0.274,6.9,0.014,0.102,0.284,0.658,6.0,32.2,24.0,0.331,58.0,1.6999999999999986,12,24.9,23.7
Daniel Gafford,2023-24,25.0,208.28,24.5,11.0,74,30,7.6,1.6,0.9000000000000001,2.1,1.0,0.725,0.731,0.145,-2.2,0.105,0.186,0.083,0.405,2.0,9.0,9.4,0.146,78.0,1.0000000000000007,5,12.3,10.2
Daniel Theis,2023-24,32.0,203.2,16.9,6.3,60,38,4.1,1.0,0.4,0.9,0.7,0.532,0.597,0.15,2.4,0.084,0.15,0.081,0.6330000000000001,5.0,7.0,8.2,0.201,7.0,-1.300000000000001,7,4.3,5.2
Dante Exum,2023-24,28.0,195.58,19.8,7.8,55,36,2.7,2.9,0.4,0.1,0.9,0.533,0.645,0.14799999999999996,10.3,0.023,0.10799999999999998,0.181,0.655,1.0,3.7999999999999994,4.5,0.119,6.0,-1.5500000000000012,7,8.7,7.2
Darius Garland,2023-24,24.0,185.42000000000002,33.3,18.0,57,31,2.7,6.5,1.3,0.1,3.1,0.446,0.56,0.249,2.1,0.017,0.064,0.295,0.544,3.0,21.6,21.7,0.262,69.0,2.1000000000000014,5,20.6,19.6
David Roddy,2023-24,23.0,193.04,18.1,6.5,65,25,3.2,1.2,0.4,0.2,0.9,0.403,0.484,0.177,-9.3,0.042,0.134,0.102,0.385,4.0,6.7,6.7,0.163,70.0,0.0,2,4.6,7.1
Davion Mitchell,2023-24,25.0,182.88,15.300000000000002,5.3,72,41,1.3,1.8999999999999997,0.2,0.0,0.6,0.45200000000000007,0.555,0.147,-2.6,0.017,0.071,0.168,0.569,2.0,5.6,11.5,0.14,80.0,-5.900000000000001,3,7.9,6.7
Day'Ron Sharpe,2023-24,22.0,205.74,15.1,6.8,61,25,6.4,1.4,0.4,0.7,1.1,0.571,0.596,0.185,4.8,0.163,0.235,0.137,0.41,5.0,4.7,6.2,0.17299999999999996,48.0,-1.5000000000000016,3,7.9,7.6
De'Aaron Fox,2023-24,26.0,190.5,35.9,26.6,74,42,4.6,5.6,2.0,0.4,2.6,0.465,0.567,0.3,4.3,0.024,0.104,0.24400000000000002,0.568,1.0,25.0,23.2,0.288,73.0,-0.09999999999999884,7,23.5,26.3
De'Andre Hunter,2023-24,26.0,203.2,29.5,15.6,57,26,3.9,1.5,0.7,0.3,1.5,0.459,0.595,0.20400000000000001,-1.3,0.018000000000000002,0.116,0.073,0.456,1.0,15.399999999999999,13.4,0.193,67.0,0.19999999999999934,5,17.0,14.4
DeAndre Jordan,2023-24,35.0,210.82,11.0,3.9000000000000004,36,24,4.4,0.7,0.2,0.4,0.6,0.624,0.61,0.147,-10.7,0.126,0.237,0.098,0.667,8.0,5.1,4.3,0.134,39.0,-1.199999999999999,16,3.7,3.1
DeMar DeRozan,2023-24,34.0,198.12,37.8,24.0,79,37,4.3,5.3,1.1,0.6,1.6999999999999997,0.48000000000000004,0.584,0.252,-1.0,0.014000000000000002,0.101,0.22,0.468,7.0,24.5,27.900000000000002,0.272,74.0,1.4500000000000006,15,22.2,21.4
Dean Wade,2023-24,27.0,205.74,20.5,5.4,54,36,4.0,0.8,0.7,0.5,0.4,0.414,0.598,0.101,8.3,0.033,0.15400000000000003,0.052,0.667,0.0,4.7,5.3,0.1,44.0,-0.6499999999999998,5,5.4,4.8
Deandre Ayton,2023-24,25.0,213.36,32.4,16.7,55,14,11.1,1.6,1.0,0.8,1.8,0.57,0.587,0.21100000000000002,-8.7,0.096,0.25,0.086,0.255,2.0,18.0,17.2,0.231,67.0,1.8000000000000014,6,14.4,15.6
Dejounte Murray,2023-24,27.0,195.58,35.7,22.5,78,34,5.3,6.4,1.4,0.3,2.6,0.459,0.555,0.259,-2.7,0.021,0.13,0.274,0.43600000000000005,0.0,20.5,21.1,0.239,74.0,2.400000000000002,7,17.5,21.7
Delon Wright,2023-24,32.0,195.58,15.8,4.5,47,16,1.8000000000000003,2.5,1.1,0.2,0.3,0.394,0.505,0.127,1.0,0.025,0.089,0.213,0.34,5.0,7.4,4.4,0.125,50.0,-1.3999999999999995,9,3.1,4.2
Deni Avdija,2023-24,23.0,205.74,30.1,14.7,75,14,7.2,3.8,0.8,0.5,2.1,0.506,0.597,0.196,-6.5,0.036,0.192,0.174,0.187,4.0,9.2,8.4,0.165,76.0,1.449999999999999,4,16.9,13.1
Dennis Schröder,2023-24,30.0,185.42000000000002,31.1,14.0,80,30,3.0,6.1,0.8,0.2,1.9,0.43499999999999994,0.55,0.202,-2.8,0.015,0.082,0.281,0.375,3.0,12.6,13.5,0.183,66.0,-1.4000000000000024,11,13.1,11.1
Dereck Lively II,2023-24,20.0,215.9,23.5,8.8,55,35,6.9,1.1,0.7,1.4,0.9,0.747,0.728,0.124,5.0,0.106,0.179,0.06,0.6360000000000001,7.0,8.8,8.8,0.124,55.0,0.0,1,8.7,11.2
Derrick Jones Jr.,2023-24,27.0,198.12,23.5,8.6,76,47,3.3,1.0,0.7,0.7,0.9,0.483,0.592,0.146,1.7,0.045,0.089,0.05499999999999999,0.618,0.0,5.0,5.6,0.138,64.0,-0.8999999999999999,8,10.1,8.4
Derrick White,2023-24,29.0,193.04,32.6,15.2,73,58,4.2,5.2,1.0,1.2,1.5,0.46099999999999997,0.611,0.183,12.5,0.022,0.1,0.209,0.795,2.0,12.4,13.2,0.174,82.0,-1.4999999999999971,7,16.4,14.4
Desmond Bane,2023-24,26.0,195.58,34.4,23.7,42,14,4.4,5.5,1.0,0.5,2.7,0.46399999999999997,0.589,0.273,-7.200000000000001,0.023,0.10399999999999998,0.272,0.333,1.0,21.5,18.2,0.252,58.0,6.15,4,19.2,23.1
Devin Booker,2023-24,27.0,198.12,36.0,27.1,68,43,4.5,6.9,0.9,0.4,2.6,0.49200000000000005,0.611,0.289,5.8,0.024,0.098,0.299,0.632,0.0,27.8,26.8,0.311,53.0,1.1000000000000005,9,25.6,27.8
Devin Vassell,2023-24,23.0,195.58,33.1,19.5,68,17,3.8,4.1,1.1,0.3,1.6,0.472,0.578,0.229,-6.0,0.012,0.102,0.192,0.25,4.0,18.5,12.3,0.24,38.0,6.499999999999998,4,16.3,19.7
Dillon Brooks,2023-24,28.0,198.12,30.899999999999995,12.7,72,36,3.4,1.7,0.8999999999999999,0.1,1.2,0.428,0.549,0.176,0.0,0.023,0.084,0.074,0.5,1.0,14.3,18.4,0.214,73.0,-1.4499999999999982,7,14.0,12.0
Domantas Sabonis,2023-24,28.0,208.28,35.7,19.4,82,46,13.699999999999998,8.2,0.8999999999999999,0.6,3.2999999999999994,0.594,0.637,0.22,0.8000000000000002,0.097,0.295,0.334,0.561,1.0,19.1,18.9,0.21299999999999997,79.0,-0.5999999999999995,8,19.1,18.3
Dominick Barlow,2023-24,21.0,205.74,12.7,4.4,33,7,3.4,1.1,0.4,0.4,0.3,0.49599999999999994,0.548,0.139,-4.5,0.098,0.167,0.114,0.212,6.0,3.9,3.9,0.107,28.0,0.0,2,4.2,5.4
Donovan Mitchell,2023-24,27.0,190.5,35.3,26.6,55,36,5.1,6.1,1.8,0.5,2.8,0.462,0.595,0.301,7.3,0.024,0.11599999999999999,0.268,0.655,0.0,28.3,25.9,0.31,68.0,0.950000000000002,7,24.0,28.0
Donte DiVincenzo,2023-24,27.0,193.04,29.099999999999998,15.5,81,50,3.6999999999999997,2.7,1.3,0.39999999999999997,1.4,0.44300000000000006,0.597,0.209,3.6999999999999997,0.026,0.10199999999999998,0.133,0.617,0.0,9.4,9.0,0.146,72.0,-0.5000000000000008,6,11.7,15.2
Dorian Finney-Smith,2023-24,31.0,200.66,28.4,8.5,68,28,4.7,1.6,0.8,0.6,0.9,0.421,0.546,0.132,-2.2,0.053,0.107,0.077,0.412,4.0,8.3,11.0,0.129,66.0,-0.7499999999999983,8,8.7,6.8
Doug McDermott,2023-24,32.0,198.12,14.1,5.5,64,22,0.9,1.1,0.3,0.0,0.4,0.433,0.6,0.144,-9.3,0.011,0.054,0.097,0.344,5.0,10.2,11.3,0.186,64.0,-1.7000000000000008,10,3.5,4.4
Draymond Green,2023-24,34.0,198.12,27.1,8.6,55,33,7.2,6.0,1.0,0.9,2.5,0.497,0.587,0.14799999999999996,4.9,0.05,0.2,0.276,0.6,7.0,8.5,7.5,0.129,73.0,0.7500000000000002,12,9.0,6.3
Drew Eubanks,2023-24,27.0,208.28,15.6,5.1,75,42,4.3,0.8,0.4,0.8,0.8,0.601,0.645,0.129,-4.1,0.09,0.176,0.079,0.56,0.0,6.6,7.700000000000001,0.122,78.0,0.39999999999999925,6,4.6,5.9
Duncan Robinson,2023-24,30.0,200.66,28.0,12.9,68,38,2.5,2.8,0.7,0.2,1.4,0.45,0.612,0.184,0.5,0.008,0.084,0.151,0.559,3.0,6.4,10.9,0.172,42.0,-3.3499999999999996,6,11.0,11.0
Duop Reath,2023-24,28.0,205.74,17.9,9.1,68,17,3.7,1.0,0.5,0.6,0.8,0.461,0.571,0.202,-7.1,0.069,0.138,0.088,0.25,1.0,9.1,9.1,0.202,68.0,0.0,1,4.2,8.0
Dwight Powell,2023-24,32.0,208.28,13.3,3.3,63,38,3.4,1.3,0.4,0.3,0.5,0.679,0.716,0.087,0.3,0.109,0.139,0.128,0.603,5.0,6.7,8.7,0.12299999999999998,76.0,0.40000000000000113,10,2.1,3.4
Dyson Daniels,2023-24,21.0,200.66,22.3,5.8,61,34,3.9,2.7,1.4,0.4,1.0,0.447,0.529,0.123,3.3,0.046,0.126,0.157,0.557,6.0,3.8,3.8,0.113,59.0,0.0,2,14.1,8.3
Eric Gordon,2023-24,35.0,190.5,27.8,11.0,68,41,1.8,2.0,1.0,0.4,1.1,0.443,0.58,0.162,3.5,0.009,0.052,0.1,0.603,8.0,12.4,13.4,0.171,69.0,-2.6999999999999993,16,6.8,9.2
Evan Mobley,2023-24,23.0,210.82,30.6,15.7,50,29,9.4,3.2,0.9,1.4,1.8,0.58,0.626,0.2,1.2,0.074,0.221,0.155,0.58,4.0,16.2,15.0,0.199,79.0,1.1999999999999975,3,18.5,16.6
Franz Wagner,2023-24,22.0,208.28,32.5,19.7,72,44,5.3,3.7000000000000006,1.1,0.4,1.8999999999999997,0.482,0.575,0.25,4.3,0.031000000000000003,0.137,0.183,0.611,5.0,18.6,15.2,0.23000000000000004,80.0,3.3999999999999995,3,24.2,20.8
Fred VanVleet,2023-24,30.0,182.88,36.8,17.4,73,38,3.8,8.1,1.4,0.8,1.7,0.416,0.568,0.194,3.0,0.012,0.089,0.312,0.521,3.0,19.3,20.3,0.225,69.0,-0.150000000000002,8,14.1,15.4
GG Jackson,2023-24,19.0,205.74,25.7,14.6,48,14,4.1,1.2,0.6,0.5,1.3999999999999997,0.428,0.554,0.238,-7.099999999999999,0.04,0.114,0.082,0.292,8.0,14.6,14.6,0.238,48.0,0.0,1,7.2,15.1
Garrett Temple,2023-24,38.0,195.58000000000004,10.7,3.3,27,5,1.7,1.0,0.4,0.1,0.5,0.372,0.502,0.147,-13.1,0.058,0.093,0.14,0.185,11.0,2.0,5.2,0.12300000000000001,25.0,-2.7999999999999994,14,1.9,3.3
Garrison Mathews,2023-24,27.0,198.12,15.0,4.9,66,29,1.4,0.6,0.3,0.1,0.3,0.456,0.665,0.11,-4.0,0.017,0.079,0.049,0.439,0.0,4.8,10.0,0.139,54.0,-0.3499999999999992,5,7.5,5.3
Gary Harris,2023-24,29.0,193.04,24.0,6.9,54,35,1.7,1.6,0.9,0.3,0.6,0.441,0.587,0.114,3.3,0.019,0.055,0.08999999999999998,0.6480000000000001,2.0,8.3,11.1,0.125,48.0,-0.7999999999999994,10,3.0,6.4
Gary Payton II,2023-24,31.0,187.96,15.5,5.5,44,27,2.6,1.1,0.9,0.4,0.6,0.563,0.621,0.13,5.8,0.066,0.09699999999999999,0.094,0.614,4.0,4.6,7.1,0.10099999999999999,22.0,1.0499999999999998,8,6.5,5.4
Gary Trent Jr.,2023-24,25.0,195.58,28.1,13.7,71,24,2.6,1.7,1.1,0.1,0.7,0.426,0.548,0.195,-4.6,0.012,0.083,0.084,0.338,2.0,17.4,18.3,0.209,66.0,1.050000000000001,6,11.1,12.5
Georges Niang,2023-24,31.0,200.66,22.3,9.4,82,48,3.4000000000000004,1.2,0.4000000000000001,0.20000000000000004,0.8999999999999999,0.44899999999999995,0.583,0.173,0.6,0.012,0.138,0.075,0.585,4.0,8.2,9.2,0.162,78.0,0.6499999999999996,8,9.9,8.6
Giannis Antetokounmpo,2023-24,29.0,210.82,35.2,30.4,73,45,11.5,6.5,1.2,1.1,3.4,0.611,0.649,0.32,6.6,0.077,0.237,0.314,0.616,2.0,31.1,29.9,0.373,63.0,1.5000000000000016,11,30.4,28.6
Goga Bitadze,2023-24,24.0,208.28,15.4,5.0,62,34,4.6,1.3,0.5,1.2,0.7,0.603,0.629,0.129,1.8,0.11,0.187,0.117,0.5479999999999999,3.0,4.4,7.0,0.147,38.0,-0.34999999999999926,5,7.2,6.5
Gradey Dick,2023-24,20.0,198.12,21.1,8.5,60,18,2.2,1.1,0.6,0.0,0.8,0.425,0.546,0.167,-13.9,0.02,0.085,0.078,0.3,7.0,8.5,8.5,0.167,60.0,0.0,1,14.4,9.4
Grayson Allen,2023-24,28.0,193.04,33.5,13.5,75,45,3.9,3.0,0.9,0.6,1.3,0.49899999999999994,0.679,0.143,5.1,0.021,0.094,0.117,0.6,1.0,10.4,11.1,0.143,72.0,-0.10000000000000077,6,10.6,12.2
Gui Santos,2023-24,22.0,198.12,8.4,3.6,23,17,2.1,0.6,0.2,0.1,0.3,0.509,0.656,0.142,3.4,0.079,0.153,0.09699999999999999,0.739,5.0,3.6,3.6,0.142,23.0,0.0,1,4.1,5.5
Harrison Barnes,2023-24,32.0,203.19999999999996,29.0,12.2,82,46,3.0,1.2,0.7,0.10000000000000002,0.7,0.4739999999999999,0.611,0.154,-1.7000000000000002,0.027,0.079,0.05600000000000001,0.561,5.0,15.0,16.4,0.168,82.0,-0.5500000000000013,12,12.3,10.6
Haywood Highsmith,2023-24,27.0,195.58,20.7,6.1,66,39,3.2,1.1,0.8,0.5,0.5,0.465,0.587,0.121,1.1,0.048,0.107,0.074,0.591,0.0,4.4,2.3,0.121,54.0,1.2999999999999998,4,6.5,6.0
Herbert Jones,2023-24,25.0,200.66,30.5,11.0,76,46,3.6,2.6,1.4,0.8,1.2,0.498,0.636,0.141,5.5,0.033,0.084,0.112,0.605,2.0,9.8,9.5,0.144,66.0,0.2999999999999994,3,10.3,11.9
Immanuel Quickley,2023-24,25.0,187.96,29.2,17.0,68,28,3.8,4.9,0.7,0.1,1.5,0.434,0.577,0.233,-1.0,0.008,0.12,0.245,0.412,2.0,14.9,11.3,0.203,81.0,1.7499999999999991,4,17.1,16.4
Isaac Okoro,2023-24,23.0,195.58,27.3,9.4,69,41,3.0,1.9,0.8,0.5,0.8,0.49000000000000005,0.599,0.136,2.4,0.036,0.072,0.095,0.594,4.0,6.4,8.8,0.11700000000000002,76.0,-1.6000000000000003,4,6.1,11.5
Isaiah Hartenstein,2023-24,26.0,213.36,25.3,7.8,75,47,8.3,2.5,1.2,1.1,1.2,0.644,0.67,0.11600000000000002,10.0,0.129,0.201,0.127,0.627,1.0,5.0,8.3,0.10699999999999998,82.0,-0.04999999999999944,6,11.2,7.0
Isaiah Joe,2023-24,24.0,190.5,18.5,8.2,78,54,2.3,1.3,0.6,0.3,0.6,0.4580000000000001,0.626,0.157,9.1,0.022,0.098,0.093,0.692,3.0,9.5,3.6,0.17,73.0,2.899999999999998,4,10.2,9.8
Isaiah Stewart,2023-24,23.0,203.2,30.9,10.9,46,9,6.6,1.6,0.4,0.8,1.4,0.48700000000000004,0.6,0.143,-4.2,0.05299999999999999,0.161,0.069,0.196,4.0,11.3,8.3,0.17,50.0,1.6999999999999997,4,6.0,9.3
Ivica Zubac,2023-24,27.0,213.36,26.4,11.7,68,42,9.2,1.4,0.3,1.2,1.2,0.649,0.671,0.165,4.7,0.117,0.235,0.075,0.618,0.0,10.8,10.3,0.149,76.0,0.8999999999999999,8,16.8,10.5
JT Thor,2023-24,21.0,205.74,12.4,3.2,63,16,2.3,0.5,0.2,0.4,0.2,0.437,0.519,0.113,-3.2,0.053,0.132,0.052,0.254,6.0,3.8,2.0,0.13,69.0,1.7999999999999994,3,3.6,4.7
Jabari Smith Jr.,2023-24,21.0,210.82,31.900000000000002,13.700000000000001,76,39,8.1,1.6,0.7,0.8,1.2,0.45399999999999996,0.571,0.174,-1.9000000000000001,0.05299999999999999,0.191,0.071,0.513,6.0,12.8,12.8,0.183,79.0,0.0,2,12.2,17.1
Jabari Walker,2023-24,21.0,200.66,23.6,8.9,72,18,7.1,1.0,0.6,0.3,0.8999999999999999,0.4600000000000001,0.546,0.159,-9.5,0.082,0.222,0.062000000000000006,0.25,6.0,3.9,3.9,0.164,56.0,0.0,2,5.2,9.1
Jaden Hardy,2023-24,21.0,190.5,13.6,7.3,73,44,1.8,1.5,0.3,0.1,0.8,0.407,0.517,0.238,-6.5,0.019,0.10999999999999999,0.17,0.603,6.0,8.8,8.8,0.248,48.0,0.0,2,8.7,10.2
Jaden Ivey,2023-24,22.0,193.04,28.799999999999997,15.399999999999999,77,14,3.4000000000000004,3.7999999999999994,0.7,0.5,2.5,0.429,0.536,0.244,-7.699999999999999,0.038,0.081,0.196,0.182,5.0,16.3,16.3,0.251,74.0,0.0,2,17.6,14.5
Jaden McDaniels,2023-24,23.0,205.74,29.200000000000003,10.5,72,48,3.1,1.4,0.8999999999999999,0.6,1.2,0.489,0.571,0.156,3.7999999999999994,0.028,0.078,0.067,0.667,4.0,12.1,9.2,0.156,79.0,2.649999999999998,4,12.2,12.0
Jaden Springer,2023-24,21.0,193.04,10.3,3.3,49,32,1.6,0.9,0.7,0.3,0.7,0.399,0.48999999999999994,0.167,-0.5,0.064,0.09300000000000001,0.12100000000000001,0.653,6.0,2.6,1.0,0.188,16.0,1.5999999999999994,3,2.5,7.5
Jae'Sean Tate,2023-24,28.0,193.04,15.9,4.1,65,32,3.0,1.0,0.6,0.2,0.6,0.472,0.538,0.115,5.1,0.055,0.127,0.085,0.492,1.0,9.1,11.8,0.178,31.0,-1.1,4,3.6000000000000005,5.3
Jaime Jaquez Jr.,2023-24,23.0,198.12,28.2,11.9,75,44,3.8,2.6,1.0,0.3,1.5,0.48899999999999993,0.574,0.181,2.8,0.039,0.094,0.137,0.587,4.0,11.9,11.9,0.181,75.0,0.0,1,8.6,13.7
Jake LaRavia,2023-24,22.0,200.66,23.0,10.8,35,8,3.7,1.7,0.8,0.3,1.3,0.389,0.54,0.201,-6.7,0.056,0.093,0.11600000000000002,0.229,5.0,3.0,3.0,0.11700000000000002,35.0,0.0,2,6.9,9.4
Jakob Poeltl,2023-24,28.0,213.36,26.4,11.1,50,21,8.6,2.5,0.7,1.5,1.5,0.6560000000000001,0.653,0.16,-0.6,0.11,0.214,0.131,0.42,1.0,12.5,13.5,0.18,72.0,1.9499999999999986,8,14.5,9.0
Jalen Brunson,2023-24,27.0,187.96,35.4,28.700000000000003,77,49,3.5999999999999996,6.699999999999999,0.8999999999999999,0.2,2.4,0.4789999999999999,0.592,0.311,8.6,0.015000000000000001,0.088,0.315,0.636,0.0,24.0,16.3,0.266,68.0,5.699999999999999,6,26.0,24.4
Jalen Duren,2023-24,20.0,208.28,29.1,13.8,61,13,11.6,2.4,0.5,0.8,2.1,0.619,0.653,0.181,-7.6,0.105,0.285,0.123,0.213,7.0,9.1,9.1,0.139,67.0,0.0,2,11.8,16.4
Jalen Green,2023-24,22.0,193.04,31.700000000000003,19.6,82,41,5.2,3.5,0.8000000000000002,0.3,2.3,0.423,0.541,0.27,0.0,0.015,0.143,0.17,0.5,5.0,22.1,17.3,0.274,76.0,4.799999999999995,3,21.0,21.9
Jalen Johnson,2023-24,22.0,203.2,33.7,16.0,56,27,8.7,3.6,1.2,0.8,1.8,0.511,0.584,0.184,-1.9,0.036,0.211,0.154,0.48199999999999993,5.0,5.6,2.4,0.156,70.0,3.199999999999998,3,18.9,16.7
Jalen Pickett,2023-24,24.0,187.96,4.5,1.6,27,20,0.5,0.8,0.1,0.0,0.3,0.429,0.571,0.164,-2.4,0.009,0.1,0.25,0.7410000000000001,3.0,1.6,1.6,0.164,27.0,0.0,1,4.1,4.0
Jalen Smith,2023-24,24.0,205.74,17.2,9.9,61,36,5.5,1.0,0.3,0.6,0.7,0.5919999999999999,0.682,0.187,1.0,0.104,0.219,0.078,0.59,3.0,9.4,9.2,0.201,68.0,3.7,4,8.2,10.0
Jalen Suggs,2023-24,23.0,195.58,27.0,12.6,75,43,3.1,2.7,1.4,0.6,1.8,0.4709999999999999,0.602,0.191,1.0,0.024,0.095,0.147,0.573,4.0,9.9,11.800000000000002,0.196,53.0,-1.9000000000000032,3,16.2,15.7
Jalen Williams,2023-24,23.0,195.58,31.300000000000004,19.1,71,51,4.0,4.5,1.1,0.6,1.7,0.54,0.621,0.232,8.8,0.017,0.102,0.202,0.718,4.0,14.1,14.1,0.18,75.0,0.0,2,21.6,20.7
Jalen Wilson,2023-24,23.0,198.12,15.5,5.0,43,14,3.0,1.0,0.3,0.09999999999999999,0.39999999999999997,0.425,0.537,0.138,-1.5999999999999999,0.068,0.128,0.095,0.326,4.0,5.0,5.0,0.138,43.0,0.0,1,9.5,5.3
Jamal Cain,2023-24,25.0,198.12,10.0,3.7,26,14,1.4,0.4,0.4,0.2,0.3,0.43,0.544,0.15799999999999997,-3.3999999999999995,0.058,0.087,0.056,0.538,2.0,5.4,5.4,0.139,18.0,0.0,2,5.3,5.6
Jamal Murray,2023-24,27.0,193.04,31.5,21.2,59,44,4.1,6.5,1.0,0.7,2.1,0.481,0.586,0.2730000000000001,8.2,0.023999999999999997,0.105,0.296,0.746,0.0,20.0,21.2,0.256,65.0,0.7500000000000017,7,21.4,21.7
James Harden,2023-24,34.0,195.58,34.3,16.6,72,46,5.1,8.5,1.1,0.8,2.6,0.428,0.612,0.202,5.6,0.015000000000000001,0.134,0.338,0.639,7.0,21.0,22.0,0.247,58.0,-1.800000000000001,15,22.8,16.1
Jarace Walker,2023-24,20.0,200.66,10.3,3.6,33,18,1.9,1.2,0.5,0.3,0.5,0.409,0.527,0.155,2.7,0.036,0.159,0.138,0.545,7.0,3.6,3.6,0.155,33.0,0.0,1,6.1,6.3
Jared Butler,2023-24,23.0,190.5,14.1,6.3,40,6,1.5,3.2,0.7,0.2,1.3,0.488,0.579,0.194,-3.8,0.015,0.083,0.321,0.15,4.0,6.2,3.8,0.208,6.0,2.399999999999999,3,9.0,6.9
Jaren Jackson Jr.,2023-24,24.0,208.28,32.2,22.5,66,22,5.5,2.3,1.2,1.6,2.4,0.444,0.553,0.302,-7.3,0.037,0.132,0.133,0.333,3.0,18.6,16.3,0.243,63.0,2.1000000000000028,6,22.2,19.8
Jarred Vanderbilt,2023-24,25.0,203.2,20.0,5.2,29,14,4.8,1.2,1.2,0.2,1.0,0.518,0.5780000000000001,0.111,4.2,0.073,0.164,0.077,0.483,2.0,7.9,6.9,0.136,78.0,1.2499999999999993,6,4.1,5.3
Jarrett Allen,2023-24,26.0,205.74,31.700000000000003,16.5,77,46,10.5,2.7,0.7,1.1,1.6,0.634,0.664,0.191,4.8,0.103,0.23100000000000004,0.128,0.597,1.0,14.3,16.1,0.162,68.0,0.7499999999999987,7,13.5,15.7
Jaxson Hayes,2023-24,24.0,213.36,12.5,4.3,70,41,3.0,0.5,0.5,0.4,0.6,0.72,0.718,0.12099999999999998,-4.7,0.083,0.149,0.051,0.586,3.0,5.0,9.3,0.149,47.0,-1.2499999999999991,5,6.8,5.3
Jaylen Brown,2023-24,27.0,198.12,33.5,23.0,70,52,5.5,3.6,1.2,0.5,2.4,0.499,0.58,0.283,8.7,0.037,0.119,0.165,0.743,0.0,26.6,23.6,0.307,67.0,0.9499999999999995,8,22.2,23.6
Jaylin Williams,2023-24,22.0,205.74,13.0,4.0,69,48,3.4,1.6,0.4,0.4,0.5,0.417,0.561,0.133,6.8,0.041,0.216,0.162,0.696,5.0,5.9,5.9,0.133,49.0,0.0,2,5.9,7.4
Jayson Tatum,2023-24,26.0,203.2,35.7,26.9,74,57,8.1,4.9,1.0,0.6,2.5,0.471,0.604,0.296,11.2,0.026,0.187,0.211,0.77,1.0,30.1,26.9,0.319,74.0,1.850000000000004,7,26.8,27.3
Jeff Dowtin Jr.,2023-24,27.0,190.5,11.800000000000002,4.3,12,7,1.7,2.3,0.6,0.10000000000000002,0.4000000000000001,0.556,0.689,0.124,6.8,0.02,0.114,0.262,0.583,0.0,2.4,2.1,0.106,25.0,0.2999999999999994,3,7.0,4.2
Jeff Green,2023-24,37.0,203.2,16.8,6.5,78,39,2.3,0.9,0.2,0.4,0.6,0.45599999999999996,0.59,0.152,-2.9,0.033,0.099,0.079,0.5,10.0,7.8,10.3,0.167,56.0,-1.6,16,5.4,5.3
Jerami Grant,2023-24,30.0,200.66,33.9,21.0,54,17,3.5,2.8,0.8,0.6,2.1,0.451,0.573,0.255,-9.6,0.019,0.087,0.138,0.315,3.0,20.5,19.2,0.227,63.0,-0.8999999999999996,10,14.400000000000002,16.2
Jeremiah Robinson-Earl,2023-24,23.0,203.2,8.6,2.9,39,22,1.9,0.5,0.3,0.1,0.4,0.47400000000000003,0.564,0.144,-1.9,0.067,0.151,0.091,0.564,4.0,6.8,7.5,0.143,43.0,-0.7000000000000011,3,6.3,6.0
Jeremy Sochan,2023-24,21.0,203.2,29.6,11.6,74,18,6.4,3.4,0.8,0.5,1.9,0.438,0.513,0.187,-7.0,0.05999999999999999,0.153,0.161,0.243,6.0,11.0,11.0,0.195,56.0,0.0,2,11.4,13.0
Jericho Sims,2023-24,25.0,208.28,13.0,2.0,45,30,3.3,0.6,0.2,0.4,0.4,0.691,0.702,0.05999999999999999,-0.7,0.092,0.153,0.059,0.667,2.0,3.3999999999999995,2.2,0.074,52.0,1.1999999999999988,3,1.8,2.9
Jevon Carter,2023-24,28.0,185.42000000000002,13.9,5.0,72,35,0.8,1.3,0.5,0.2,0.5,0.378,0.48500000000000004,0.168,1.4,0.01,0.049,0.129,0.486,1.0,8.0,4.2,0.149,81.0,1.949999999999999,6,4.3,5.8
Jimmy Butler III,2023-24,34.0,200.66,34.0,20.8,60,33,5.3,5.0,1.3,0.3,1.7,0.499,0.626,0.235,5.5,0.054,0.106,0.228,0.55,7.0,22.9,21.4,0.248,64.0,0.7000000000000005,13,17.5,19.2
Jock Landale,2023-24,28.0,210.82,13.6,4.9,56,28,3.1,1.2,0.4,0.6,0.6,0.515,0.584,0.139,9.6,0.106,0.102,0.113,0.5,1.0,6.6,4.9,0.182,69.0,1.6999999999999982,3,4.8,4.5
John Collins,2023-24,26.0,205.74,28.0,15.1,68,27,8.5,1.1,0.6,0.9,1.4,0.532,0.621,0.199,-7.5,0.079,0.222,0.06,0.397,1.0,13.1,16.2,0.168,71.0,-2.2499999999999982,7,19.0,13.7
John Konchar,2023-24,28.0,195.58,21.3,4.3,55,18,4.7,2.0,0.9,0.9,0.8,0.423,0.537,0.096,-5.9,0.057999999999999996,0.16399999999999998,0.13,0.327,1.0,5.1,4.8,0.1,72.0,0.4000000000000003,5,2.4,4.0
Johnny Davis,2023-24,22.0,193.04,12.3,3.0,50,8,1.4,0.6,0.4,0.2,0.3,0.403,0.462,0.117,-10.3,0.027000000000000003,0.088,0.068,0.16,5.0,5.8,5.8,0.192,28.0,0.0,2,2.4,4.5
Johnny Juzang,2023-24,23.0,195.58,18.6,7.2,20,5,1.8,1.2,0.2,0.1,0.7,0.4640000000000001,0.62,0.147,-1.8,0.018,0.073,0.086,0.25,4.0,4.8,4.8,0.187,18.0,0.0,2,8.9,6.3
Jonas Valančiūnas,2023-24,32.0,210.81999999999996,23.5,12.2,82,49,8.8,2.1,0.4000000000000001,0.8000000000000002,1.4,0.559,0.619,0.207,3.9000000000000004,0.10000000000000002,0.272,0.128,0.598,5.0,14.099999999999998,17.8,0.229,79.0,-1.5000000000000009,12,10.4,11.1
Jonathan Isaac,2023-24,26.0,208.28,15.8,6.8,58,35,4.5,0.5,0.7,1.2,0.5,0.51,0.6100000000000001,0.15999999999999998,10.9,0.083,0.201,0.047,0.603,1.0,5.0,11.9,0.19799999999999998,11.0,-2.3000000000000007,5,5.4,7.1
Jonathan Kuminga,2023-24,21.0,200.66,26.3,16.1,74,40,4.8,2.2,0.7,0.5,1.6,0.529,0.598,0.23700000000000002,2.9,0.047,0.126,0.123,0.541,6.0,9.9,9.3,0.195,67.0,0.5999999999999979,3,15.3,19.4
Jordan Clarkson,2023-24,32.0,190.5,30.6,17.1,55,22,3.4,5.0,0.6,0.1,2.7,0.413,0.521,0.255,-5.7,0.028,0.083,0.24699999999999997,0.4,5.0,20.8,16.0,0.273,61.0,1.2000000000000008,10,16.2,13.3
Jordan Goodwin,2023-24,25.0,193.04,18.5,6.5,57,30,4.4,2.7,0.8,0.3,1.0,0.369,0.451,0.18200000000000002,-4.1,0.077,0.151,0.219,0.526,2.0,6.6,0.0,0.165,62.0,6.599999999999998,3,5.6,6.3
Jordan Hawkins,2023-24,22.0,195.58,17.3,7.800000000000001,67,38,2.2,1.0,0.3,0.1,0.6,0.382,0.533,0.188,-0.9,0.024,0.1,0.084,0.567,5.0,7.800000000000001,7.800000000000001,0.188,67.0,0.0,1,10.8,9.8
Jordan McLaughlin,2023-24,28.0,182.87999999999997,11.2,3.5,56,35,1.3,2.0,0.6,0.1,0.3,0.483,0.638,0.119,11.0,0.029,0.087,0.229,0.625,1.0,3.6999999999999997,3.8,0.112,43.0,-0.6500000000000008,5,2.1,3.6
Jordan Poole,2023-24,25.0,193.04,30.1,17.4,78,15,2.7,4.4,1.1,0.3,2.4,0.413,0.529,0.256,-11.1,0.013,0.074,0.21199999999999997,0.192,2.0,20.4,18.5,0.282,82.0,4.1999999999999975,5,20.5,15.5
Jose Alvarado,2023-24,26.0,182.87999999999997,18.4,7.1,56,38,2.3,2.1,1.1,0.3,0.7,0.412,0.54,0.168,12.0,0.024,0.096,0.154,0.679,1.0,9.0,6.1,0.191,61.0,2.8999999999999977,3,10.3,9.0
Josh Giddey,2023-24,21.0,203.2,25.1,12.3,80,56,6.4,4.8,0.7,0.6,2.1,0.475,0.547,0.223,8.2,0.05800000000000001,0.19,0.252,0.7,6.0,16.6,12.5,0.23899999999999996,76.0,4.099999999999999,3,14.6,16.0
Josh Green,2023-24,23.0,195.58,26.4,8.2,57,32,3.2,2.3,0.8,0.2,1.1,0.4789999999999999,0.588,0.129,-2.1,0.026,0.096,0.111,0.561,4.0,9.1,4.8,0.14,60.0,3.2499999999999996,4,7.4,9.3
Josh Hart,2023-24,29.0,193.04,33.4,9.4,81,49,8.3,4.1,0.9,0.3,1.5,0.43399999999999994,0.522,0.133,6.6000000000000005,0.046,0.20500000000000002,0.164,0.605,2.0,9.8,14.9,0.124,76.0,0.30000000000000104,7,13.600000000000001,9.3
Josh Okogie,2023-24,25.0,193.04,16.0,4.6,60,37,2.6,1.1,0.8,0.4,0.6,0.417,0.552,0.125,1.3,0.079,0.081,0.091,0.6169999999999999,2.0,7.300000000000001,2.7,0.174,72.0,0.9499999999999994,6,7.1,6.5
Jrue Holiday,2023-24,34.0,193.04,32.8,12.5,69,53,5.4,4.8,0.9,0.8,1.8,0.48,0.597,0.161,9.7,0.038,0.117,0.196,0.768,7.0,19.3,18.3,0.244,67.0,0.8000000000000028,15,11.1,12.6
Julian Champagnie,2023-24,23.0,200.66,19.8,6.8,74,19,2.8,1.4,0.6,0.6,0.8,0.408,0.57,0.14,-4.5,0.028,0.111,0.093,0.257,4.0,9.7,9.7,0.181,17.0,0.0,2,9.9,6.7
Julian Phillips,2023-24,20.0,203.2,8.1,2.2,40,20,0.9,0.3,0.2,0.2,0.3,0.41600000000000004,0.521,0.121,0.4,0.035,0.077,0.052000000000000005,0.5,7.0,2.2,2.2,0.121,40.0,0.0,1,4.6,4.9
Julian Strawther,2023-24,22.0,198.12,10.9,4.5,50,34,1.2,0.9,0.3,0.1,0.5,0.369,0.482,0.193,-9.8,0.008,0.096,0.12300000000000001,0.68,5.0,4.5,4.5,0.193,50.0,0.0,1,9.0,6.6
Julius Randle,2023-24,29.0,203.2,35.4,24.0,46,29,9.2,5.0,0.5,0.3,3.5,0.472,0.569,0.287,6.0,0.059,0.198,0.217,0.63,2.0,25.1,20.1,0.288,77.0,0.4999999999999966,10,18.7,22.2
Justin Champagnie,2023-24,23.0,198.12,15.7,5.9,15,3,3.5,1.3,0.7,0.6,0.7,0.41,0.526,0.162,-11.1,0.07,0.141,0.112,0.2,4.0,2.2,2.3,0.188,5.0,-0.0999999999999999,3,8.8,5.6
Jusuf Nurkić,2023-24,29.0,213.36,27.3,10.9,76,48,11.0,4.0,1.1,1.1,2.3,0.51,0.559,0.187,9.2,0.115,0.284,0.186,0.632,2.0,13.3,15.0,0.218,52.0,0.8999999999999986,10,8.9,10.8
KJ Martin,2023-24,23.0,198.12,12.4,3.7,60,33,2.2,0.9,0.4,0.2,0.5,0.536,0.563,0.127,0.2,0.052,0.11999999999999998,0.094,0.55,4.0,12.699999999999998,8.8,0.16,82.0,1.6999999999999975,4,6.3999999999999995,6.2
Karl-Anthony Towns,2023-24,28.0,213.36,32.7,21.8,62,42,8.3,3.0,0.7,0.7,2.9,0.504,0.625,0.268,7.2,0.05,0.204,0.147,0.677,1.0,20.8,24.6,0.25,29.0,-1.999999999999996,9,24.4,21.4
Kawhi Leonard,2023-24,33.0,200.66,34.3,23.7,68,44,6.1,3.6,1.6,0.9,1.8,0.525,0.626,0.261,8.2,0.039,0.138,0.165,0.647,6.0,23.800000000000004,24.800000000000004,0.267,52.0,-1.649999999999999,12,21.5,23.3
Keegan Murray,2023-24,23.0,203.2,33.6,15.199999999999998,77,43,5.5,1.7000000000000002,1.0,0.8,0.8,0.45399999999999996,0.569,0.178,2.7,0.039,0.126,0.068,0.558,4.0,12.2,12.2,0.156,80.0,0.0,2,12.4,17.2
Keldon Johnson,2023-24,24.0,195.58,29.5,15.7,69,17,5.5,2.8,0.7,0.3,1.4,0.454,0.565,0.212,-7.700000000000001,0.043,0.135,0.142,0.246,3.0,22.0,17.0,0.273,63.0,4.599999999999995,5,12.7,15.5
Kelly Olynyk,2023-24,33.0,210.82,22.5,9.8,78,31,5.3,4.4,0.9,0.4,1.9,0.555,0.661,0.171,-7.3,0.061,0.169,0.275,0.397,6.0,12.5,9.1,0.176,68.0,-0.5000000000000024,11,8.7,7.2
Kelly Oubre Jr.,2023-24,28.0,200.66,30.2,15.4,68,40,5.0,1.5,1.1,0.7,1.3,0.441,0.535,0.22,0.1,0.043,0.121,0.072,0.588,1.0,20.3,15.0,0.257,48.0,2.4500000000000006,9,15.1,15.6
Kenrich Williams,2023-24,29.0,198.12,14.900000000000002,4.7,69,49,3.0,1.3,0.6,0.1,0.5,0.468,0.568,0.132,8.4,0.06199999999999999,0.14,0.12,0.71,2.0,8.0,7.4,0.134,53.0,-9.9251583857631e-16,6,6.3,5.8
Kentavious Caldwell-Pope,2023-24,31.0,195.58,31.599999999999998,10.1,76,54,2.4,2.4,1.3,0.6,1.0,0.46,0.602,0.126,11.3,0.014,0.062,0.09,0.711,4.0,10.8,13.2,0.136,76.0,0.5500000000000012,11,8.7,9.5
Keon Ellis,2023-24,24.0,190.5,17.2,5.4,57,33,2.2,1.5,0.9,0.5,0.6,0.461,0.627,0.123,5.5,0.031,0.094,0.115,0.579,3.0,1.5,1.5,0.124,16.0,0.0,2,8.3,7.3
Kessler Edwards,2023-24,23.0,200.66,5.1,1.7,54,32,0.8,0.3,0.2,0.1,0.1,0.415,0.541,0.134,-6.3,0.029,0.126,0.084,0.593,4.0,2.8,5.900000000000001,0.119,36.0,-3.100000000000002,3,4.2,4.8
Kevin Durant,2023-24,35.0,210.82,37.2,27.1,75,44,6.6,5.0,0.9,1.2,3.3,0.523,0.626,0.283,4.8,0.016,0.155,0.213,0.587,8.0,29.1,29.9,0.305,47.0,1.1000000000000005,16,26.6,25.0
Kevin Huerter,2023-24,25.0,200.66,24.4,10.2,64,37,3.5,2.6,0.7,0.4,0.8,0.443,0.564,0.173,2.5,0.024,0.124,0.138,0.578,2.0,15.2,12.1,0.197,75.0,1.6499999999999995,6,9.9,11.5
Kevin Love,2023-24,35.0,203.2,16.8,8.8,55,31,6.1,2.1,0.3,0.2,0.9,0.44,0.597,0.21,6.5,0.062,0.295,0.189,0.564,8.0,8.2,13.6,0.185,62.0,-2.0,16,5.3,7.4
Kevon Looney,2023-24,28.0,205.74,16.1,4.5,74,43,5.7,1.8000000000000003,0.4,0.4,0.7,0.597,0.62,0.11000000000000001,1.4,0.11599999999999999,0.222,0.148,0.581,1.0,7.0,6.0,0.10400000000000001,82.0,1.4500000000000006,9,4.5,4.7
Keyonte George,2023-24,20.0,193.04,27.0,13.0,75,27,2.8,4.4,0.5,0.1,2.5,0.391,0.533,0.224,-9.3,0.007,0.095,0.24400000000000002,0.36,7.0,13.0,13.0,0.224,75.0,0.0,1,16.8,15.2
Khris Middleton,2023-24,32.0,200.66,27.0,15.1,55,31,4.7,5.3,0.9,0.3,2.3,0.493,0.595,0.23,3.4,0.026999999999999996,0.134,0.272,0.564,5.0,15.1,20.1,0.259,33.0,-2.649999999999997,12,11.9,13.6
Klay Thompson,2023-24,34.0,198.12,29.700000000000003,17.9,77,41,3.3,2.3,0.6,0.5,1.5,0.43200000000000005,0.576,0.234,-0.3,0.015000000000000001,0.093,0.11000000000000001,0.532,7.0,21.9,20.4,0.256,69.0,0.19999999999999848,11,14.0,15.1
Kobe Brown,2023-24,24.0,200.65999999999997,9.0,2.0,44,27,1.4,0.6,0.3,0.1,0.2,0.411,0.49,0.104,-10.5,0.046,0.105,0.085,0.614,3.0,2.0,2.0,0.104,44.0,0.0,1,1.9,4.0
Kris Dunn,2023-24,30.0,190.5,18.9,5.4,66,25,2.9,3.8,1.0,0.4,1.2,0.47,0.546,0.132,0.4,0.039,0.109,0.25,0.379,3.0,13.2,7.6,0.195,22.0,5.949999999999999,8,6.4,6.3
Kris Murray,2023-24,23.0,203.2,21.7,6.1,62,12,3.6,1.3,0.9,0.3,0.9,0.396,0.481,0.136,-6.0,0.057,0.107,0.083,0.194,4.0,6.1,6.1,0.136,62.0,0.0,1,4.2,5.7
Kristaps Porziņģis,2023-24,28.0,218.44,29.6,20.1,57,43,7.2,2.0,0.7,1.9,1.6,0.516,0.6469999999999999,0.247,11.2,0.059,0.163,0.098,0.754,1.0,23.2,20.2,0.272,65.0,1.5500000000000025,8,19.5,20.3
Kyle Anderson,2023-24,30.0,205.74,22.6,6.4,79,55,3.5,4.2,0.9000000000000001,0.6,1.2,0.46,0.513,0.14,5.1,0.034,0.11599999999999999,0.264,0.696,3.0,9.4,7.6,0.143,69.0,-1.4999999999999991,10,5.9,6.4
Kyle Kuzma,2023-24,28.0,205.74,32.6,22.2,70,13,6.6,4.2,0.5,0.7,2.7,0.4630000000000001,0.547,0.295,-11.0,0.026,0.17,0.201,0.186,1.0,21.2,17.1,0.273,64.0,4.15,7,14.8,18.4
Kyle Lowry,2023-24,38.0,182.88,28.2,8.1,60,32,3.2,4.2,1.0,0.4,1.4,0.432,0.594,0.128,-0.3,0.02,0.098,0.212,0.533,11.0,11.2,13.4,0.162,55.0,-2.9999999999999996,18,3.9,6.0
Kyrie Irving,2023-24,32.0,187.96,35.0,25.6,58,39,5.0,5.2,1.3,0.5,1.8,0.497,0.6079999999999999,0.274,6.9,0.020999999999999998,0.116,0.225,0.6719999999999999,5.0,27.1,27.4,0.286,60.0,0.09999999999999884,13,24.7,24.5
LaMelo Ball,2023-24,22.0,200.65999999999997,32.3,23.9,22,7,5.1,8.0,1.8,0.2,3.8,0.433,0.561,0.315,-8.4,0.038,0.12200000000000001,0.3950000000000001,0.318,5.0,23.3,20.1,0.289,36.0,3.799999999999999,4,25.199999999999996,25.4
Landry Shamet,2023-24,27.0,193.04,15.8,7.1,46,6,1.3,1.2,0.5,0.2,0.7,0.431,0.556,0.18100000000000002,-9.9,0.021,0.065,0.104,0.13,0.0,8.7,8.3,0.186,40.0,-0.2999999999999994,6,5.7,5.5
Larry Nance Jr.,2023-24,31.0,203.2,19.9,5.7,61,34,5.0,1.9,1.0,0.3,0.8,0.573,0.653,0.112,3.3,0.079,0.176,0.129,0.557,4.0,6.8,7.0,0.118,65.0,-1.2500000000000004,9,8.5,4.7
Lauri Markkanen,2023-24,27.0,213.36,33.1,23.2,55,22,8.2,2.0,0.9,0.5,1.4,0.48,0.631,0.241,0.6,0.065,0.176,0.09,0.4,0.0,25.6,14.8,0.259,66.0,5.9999999999999964,7,19.0,21.7
LeBron James,2023-24,39.0,205.74,35.3,25.7,71,41,7.299999999999999,8.3,1.3,0.5,3.5,0.54,0.63,0.285,3.8000000000000003,0.026,0.172,0.358,0.577,12.0,28.9,30.3,0.322,55.0,1.9499999999999986,21,24.4,24.5
Lindy Waters III,2023-24,26.0,198.12,7.3999999999999995,3.6,38,25,1.1,0.6,0.1,0.2,0.2,0.471,0.653,0.167,-7.7,0.024,0.11300000000000002,0.132,0.658,1.0,5.2,8.0,0.148,41.0,-2.800000000000001,3,4.9,6.3
Lonnie Walker IV,2023-24,25.0,193.04,17.4,9.7,58,23,2.2,1.3,0.6,0.3,0.9,0.423,0.545,0.235,-0.6,0.013,0.11,0.113,0.397,2.0,11.7,12.1,0.198,56.0,0.25000000000000155,6,12.4,9.6
Luguentz Dort,2023-24,25.0,193.04,28.4,10.9,79,54,3.6000000000000005,1.4,0.9000000000000001,0.6,0.9000000000000001,0.43799999999999994,0.593,0.152,7.799999999999999,0.035,0.089,0.061,0.684,2.0,13.7,17.2,0.194,74.0,-0.14999999999999927,5,10.1,12.5
Luka Dončić,2023-24,25.0,200.66,37.5,33.9,70,46,9.2,9.8,1.4,0.5,4.0,0.48699999999999993,0.617,0.355,5.8,0.022,0.218,0.428,0.657,2.0,32.4,28.4,0.368,66.0,2.3499999999999956,6,28.2,30.3
Luka Garza,2023-24,25.0,208.28,4.9,4.0,25,17,1.2,0.2,0.2,0.0,0.2,0.48,0.576,0.278,-0.6,0.129,0.105,0.05,0.68,2.0,6.5,5.8,0.24499999999999997,28.0,0.6999999999999992,3,3.5,6.9
Luke Kennard,2023-24,28.0,195.58,25.6,11.0,39,15,2.9,3.5,0.5,0.1,1.4,0.448,0.641,0.166,-8.8,0.011,0.105,0.21199999999999997,0.385,1.0,9.3,11.9,0.144,59.0,0.5000000000000004,7,8.9,8.4
Luke Kornet,2023-24,28.0,215.9,15.6,5.3,63,48,4.1,1.1,0.4,1.0,0.3,0.7,0.736,0.107,12.1,0.117,0.141,0.089,0.762,1.0,3.8,2.0,0.111,69.0,0.1999999999999992,7,6.0,4.2
Malaki Branham,2023-24,21.0,193.04,21.3,9.2,75,18,2.0,2.1,0.4,0.1,1.2,0.432,0.526,0.192,-11.1,0.016,0.074,0.142,0.24,6.0,10.2,10.2,0.188,66.0,0.0,2,5.0,9.9
Malcolm Brogdon,2023-24,31.0,193.04,28.7,15.7,39,15,3.8,5.5,0.7,0.2,1.5,0.44,0.56,0.226,-3.7,0.024,0.108,0.301,0.385,4.0,14.9,19.1,0.223,67.0,-3.15,8,12.699999999999998,14.4
Malik Beasley,2023-24,27.0,193.04,29.6,11.3,79,46,3.7,1.4,0.7,0.1,0.7,0.443,0.603,0.142,5.8,0.017,0.098,0.059,0.582,0.0,12.700000000000001,12.1,0.207,81.0,-3.4500000000000024,8,16.3,10.3
Malik Monk,2023-24,26.0,190.5,26.0,15.399999999999999,72,42,2.9,5.1,0.6,0.5,2.1,0.443,0.564,0.247,0.1,0.014,0.101,0.29,0.583,1.0,13.5,13.799999999999999,0.24699999999999997,77.0,0.9000000000000001,7,17.2,15.6
MarJon Beauchamp,2023-24,23.0,200.66,12.699999999999998,4.4,48,30,2.1,0.6,0.3,0.10000000000000002,0.6,0.488,0.592,0.141,-1.0,0.037,0.123,0.067,0.625,4.0,5.1,5.1,0.175,52.0,0.0,2,2.3,6.5
Marcus Sasser,2023-24,23.0,187.96,19.0,8.3,71,11,1.8,3.3,0.6,0.2,1.3,0.428,0.542,0.195,-8.7,0.008,0.085,0.263,0.155,4.0,8.3,8.3,0.195,71.0,0.0,1,6.6,7.8
Marcus Smart,2023-24,30.0,190.5,30.2,14.5,20,7,2.7,4.3,2.1,0.3,3.1,0.43,0.552,0.225,-0.8,0.009,0.073,0.211,0.35,3.0,11.5,12.1,0.176,61.0,-0.8000000000000009,10,9.0,10.6
Mark Williams,2023-24,22.0,213.36,26.8,12.7,19,7,9.7,1.2,0.8,1.1,0.9,0.649,0.675,0.162,-1.2,0.143,0.209,0.059,0.368,5.0,9.0,9.0,0.168,43.0,0.0,2,15.3,11.9
Markelle Fultz,2023-24,26.0,193.04,21.2,7.8,43,25,3.1999999999999997,2.8,1.0,0.3,1.2,0.472,0.492,0.182,0.6,0.062,0.094,0.194,0.581,1.0,14.0,10.8,0.208,60.0,0.5500000000000005,7,2.9,9.0
Marvin Bagley III,2023-24,25.0,208.28,21.1,11.7,50,7,6.2,1.1,0.4,0.7,1.2,0.586,0.629,0.204,-6.0,0.11899999999999998,0.175,0.079,0.14,2.0,12.0,11.300000000000002,0.202,42.0,-1.0499999999999998,6,4.4,9.7
Mason Plumlee,2023-24,34.0,208.27999999999997,14.7,5.3,46,29,5.1,1.2,0.3,0.4,0.8,0.569,0.621,0.147,0.3,0.09,0.244,0.107,0.63,7.0,10.8,6.5,0.149,79.0,0.19999999999999804,11,4.5,4.9
Max Christie,2023-24,21.0,195.58,14.1,4.2,67,38,2.1,0.9,0.3,0.3,0.5,0.427,0.544,0.132,-1.1,0.017,0.122,0.084,0.567,6.0,3.1,3.1,0.10000000000000002,41.0,0.0,2,9.6,7.1
Max Strus,2023-24,28.0,195.58,32.0,12.2,70,43,4.8,4.0,0.9,0.4,1.6,0.418,0.553,0.167,5.6,0.030000000000000002,0.11700000000000002,0.166,0.614,1.0,11.5,10.6,0.17,80.0,2.700000000000001,5,9.4,12.0
Maxi Kleber,2023-24,32.0,208.28000000000003,20.3,4.4,43,27,3.3000000000000003,1.5999999999999999,0.39999999999999997,0.7,0.7,0.432,0.573,0.096,6.6000000000000005,0.035,0.125,0.09900000000000002,0.628,5.0,5.9,7.0,0.1,37.0,-0.5999999999999993,7,3.0,3.5
Micah Potter,2023-24,26.0,205.74,11.6,3.3,16,3,2.7,0.4,0.3,0.4,0.3,0.475,0.609,0.109,-8.4,0.051,0.168,0.046,0.188,1.0,3.4,4.0,0.121,7.0,-0.6000000000000002,3,4.3,3.9
Michael Porter Jr.,2023-24,26.0,208.28,31.7,16.7,81,57,7.0,1.5,0.5,0.7,1.1,0.484,0.601,0.202,8.1,0.042,0.177,0.064,0.704,1.0,17.4,9.9,0.22,62.0,-0.8000000000000029,5,18.2,17.0
Mikal Bridges,2023-24,27.0,198.12,34.8,19.6,82,32,4.5,3.5999999999999996,1.0,0.4000000000000001,2.0,0.43600000000000005,0.56,0.238,-3.2999999999999994,0.022,0.105,0.163,0.39,0.0,20.1,14.199999999999998,0.223,83.0,3.300000000000002,6,17.6,17.5
Mike Conley,2023-24,36.0,182.88,28.900000000000002,11.4,76,53,2.9,5.9,1.2,0.2,1.3,0.457,0.627,0.157,5.7,0.018,0.081,0.29,0.697,9.0,11.9,13.7,0.161,67.0,-2.150000000000002,17,8.2,8.4
Miles Bridges,2023-24,26.0,200.66,37.4,21.0,69,17,7.3,3.3,0.9,0.5,2.0,0.462,0.556,0.242,-12.1,0.027,0.176,0.146,0.246,1.0,20.2,12.7,0.22400000000000003,80.0,3.5999999999999974,5,20.3,18.5
Miles McBride,2023-24,23.0,185.42000000000002,19.5,8.3,68,42,1.5,1.7,0.7,0.1,0.4,0.452,0.59,0.164,0.0,0.022,0.053,0.131,0.618,4.0,3.5,2.2,0.141,64.0,1.299999999999999,3,9.5,9.6
Mo Bamba,2023-24,26.0,213.36,13.0,4.4,57,30,4.2,0.7,0.4,1.1,0.7,0.49,0.575,0.149,-3.0,0.095,0.218,0.083,0.526,1.0,6.6,10.6,0.166,49.0,-0.7000000000000005,6,4.3,6.3
Monte Morris,2023-24,29.0,187.96,14.4,5.0,33,21,1.7,2.1,0.6,0.3,0.2,0.405,0.508,0.151,9.4,0.014,0.105,0.199,0.636,2.0,10.3,12.6,0.155,62.0,0.05000000000000003,7,5.2,6.7
Moritz Wagner,2023-24,27.0,210.82,17.7,10.9,80,46,4.3,1.2,0.5,0.3,1.2,0.601,0.676,0.22000000000000003,3.1,0.087,0.168,0.10900000000000001,0.575,0.0,10.5,9.0,0.201,57.0,1.8000000000000007,6,12.9,11.1
Moses Moody,2023-24,22.0,195.58,17.5,8.1,66,38,3.0,0.9,0.6,0.4,0.7,0.462,0.578,0.176,3.1,0.052,0.108,0.07,0.576,5.0,4.8,4.4,0.141,63.0,0.3999999999999984,3,9.8,10.4
Myles Turner,2023-24,28.0,210.82,27.0,17.1,77,45,6.900000000000001,1.3,0.5,1.8999999999999997,1.4,0.524,0.626,0.234,5.1,0.056,0.198,0.065,0.584,1.0,18.0,12.900000000000002,0.225,62.0,2.699999999999999,9,15.600000000000001,15.5
Naji Marshall,2023-24,26.0,198.12,19.0,7.1,66,41,3.6,1.9,0.7,0.2,1.0,0.463,0.576,0.158,8.7,0.042,0.142,0.139,0.621,1.0,9.1,5.7,0.172,77.0,0.7000000000000002,4,13.2,8.3
Nate Williams,2023-24,25.0,195.58,5.9,2.9,22,11,1.0,0.3,0.2,0.0,0.2,0.54,0.565,0.173,6.9,0.081,0.071,0.07,0.5,2.0,10.6,10.6,0.139,5.0,0.0,2,3.3,5.9
Naz Reid,2023-24,24.0,205.74000000000004,24.2,13.5,81,56,5.2,1.3,0.7999999999999999,0.9,1.4,0.477,0.595,0.22299999999999998,5.7,0.038,0.17,0.085,0.691,3.0,11.5,8.3,0.242,68.0,0.14999999999999897,5,14.2,15.3
Neemias Queta,2023-24,24.0,213.35999999999999,11.9,5.5,28,24,4.4,0.7,0.5,0.8,0.5,0.644,0.662,0.16,20.4,0.157,0.195,0.078,0.857,3.0,2.4,3.0,0.141,5.0,-0.6000000000000003,3,5.0,4.1
Nic Claxton,2023-24,25.0,210.82,29.800000000000004,11.8,71,27,9.9,2.1,0.6,2.1,1.3,0.629,0.629,0.156,-5.6,0.088,0.23899999999999996,0.107,0.38,2.0,12.6,8.7,0.155,76.0,3.0,5,10.3,11.0
Nick Richards,2023-24,26.0,213.36,26.2,9.7,67,14,8.0,0.8,0.4,1.1,1.1,0.691,0.717,0.131,-11.9,0.097,0.218,0.046,0.209,1.0,8.2,3.0,0.151,65.0,3.6999999999999984,4,9.3,7.9
Nick Smith Jr.,2023-24,20.0,187.96,14.3,5.9,51,9,1.4,1.2,0.2,0.1,0.8,0.39100000000000007,0.511,0.20200000000000004,-12.4,0.023,0.078,0.134,0.176,7.0,5.9,5.9,0.20200000000000004,51.0,0.0,1,9.9,6.6
Nickeil Alexander-Walker,2023-24,25.0,195.58,23.4,8.0,82,56,2.0,2.5,0.8000000000000002,0.5,0.8999999999999999,0.43899999999999995,0.578,0.143,7.599999999999999,0.019,0.066,0.145,0.683,2.0,6.2,10.6,0.177,59.0,-2.4,5,9.4,9.8
Nicolas Batum,2023-24,35.0,203.2,25.5,5.3,60,36,4.1,2.1,0.8,0.6,0.7,0.453,0.603,0.085,5.6,0.046,0.115,0.105,0.6,8.0,6.1,8.3,0.11099999999999999,78.0,-0.9999999999999992,16,4.0,4.5
Nikola Jokić,2023-24,29.0,210.82,34.6,26.4,79,55,12.4,9.0,1.4,0.9000000000000001,3.0,0.583,0.65,0.288,11.8,0.086,0.27,0.391,0.696,2.0,24.5,27.1,0.263,69.0,-0.9500000000000024,9,29.6,27.7
Nikola Jović,2023-24,21.0,208.27999999999997,19.5,7.7,46,24,4.2,2.0,0.5,0.3,0.9,0.452,0.583,0.171,7.8,0.029,0.18599999999999997,0.14,0.522,6.0,5.5,5.5,0.185,15.0,0.0,2,10.7,10.1
Nikola Vučević,2023-24,33.0,208.28,34.3,18.0,76,36,10.5,3.3,0.7,0.8,1.6,0.484,0.54,0.233,-3.1,0.08,0.229,0.153,0.47400000000000003,6.0,17.6,17.6,0.21800000000000003,82.0,-2.8999999999999964,13,18.5,15.0
Noah Clowney,2023-24,19.0,205.74,16.1,5.8,23,10,3.5,0.8,0.3,0.7,0.7,0.538,0.626,0.137,-6.9,0.066,0.146,0.074,0.43500000000000005,8.0,5.8,5.8,0.137,23.0,0.0,1,9.1,6.3
Norman Powell,2023-24,31.0,193.04,26.2,13.9,76,48,2.6,1.1,0.6,0.3,0.9,0.486,0.626,0.193,5.1,0.008,0.085,0.059,0.632,4.0,17.0,19.0,0.251,60.0,-0.8000000000000022,9,21.8,13.6
OG Anunoby,2023-24,26.0,200.66,34.0,14.7,50,31,4.2,2.1,1.4,0.7,1.6,0.489,0.595,0.17299999999999996,10.9,0.028000000000000004,0.091,0.084,0.62,1.0,16.8,17.1,0.192,67.0,0.45000000000000234,7,18.0,14.8
Obi Toppin,2023-24,26.0,205.74,21.1,10.3,82,47,3.9000000000000004,1.6000000000000003,0.6,0.5,0.8000000000000002,0.573,0.677,0.16,3.5999999999999996,0.048999999999999995,0.137,0.091,0.573,1.0,7.4,9.0,0.187,67.0,1.6499999999999995,4,10.5,10.2
Ochai Agbaji,2023-24,24.0,195.58,21.0,5.8,78,31,2.8,1.1,0.6,0.6,0.8,0.411,0.497,0.131,-7.1,0.044,0.083,0.068,0.397,3.0,7.9,7.9,0.154,59.0,0.0,2,10.4,6.2
Olivier-Maxence Prosper,2023-24,21.0,200.66,8.4,3.0,40,24,2.0,0.6,0.2,0.1,0.2,0.385,0.496,0.153,-13.2,0.062,0.153,0.095,0.6,6.0,3.0,3.0,0.153,40.0,0.0,1,3.8999999999999995,6.2
Onyeka Okongwu,2023-24,23.0,208.28,25.5,10.2,55,23,6.8,1.3,0.5,1.1,0.8,0.611,0.674,0.134,-0.9,0.099,0.169,0.071,0.418,4.0,9.9,8.2,0.15,80.0,2.649999999999999,4,13.4,10.0
Orlando Robinson,2023-24,23.0,208.28,8.4,2.8,36,20,2.3,0.8999999999999999,0.2,0.2,0.5,0.5,0.596,0.143,3.5,0.099,0.189,0.161,0.556,4.0,3.7,3.7,0.116,31.0,0.0,2,6.9,4.7
Ousmane Dieng,2023-24,21.0,205.74,11.1,4.0,33,21,1.5,1.1,0.2,0.2,0.6,0.422,0.54,0.167,1.1,0.027,0.105,0.144,0.636,6.0,4.9,4.9,0.154,39.0,0.0,2,3.8,6.7
P.J. Washington,2023-24,25.0,200.66,30.4,12.9,73,30,5.6,1.9,1.0,0.8,1.3,0.436,0.537,0.185,-2.8,0.037,0.147,0.087,0.411,2.0,15.7,10.3,0.2,73.0,1.3999999999999975,5,14.7,11.8
Paolo Banchero,2023-24,21.0,208.28000000000003,35.0,22.6,80,46,6.9,5.4,0.9,0.6,3.1,0.45499999999999996,0.546,0.292,0.0,0.029000000000000005,0.178,0.254,0.575,6.0,20.0,20.0,0.272,72.0,0.0,2,25.9,26.0
Pascal Siakam,2023-24,30.0,203.2,33.2,21.7,80,38,7.1,4.3,0.8,0.3,1.8,0.536,0.601,0.25,2.2,0.052000000000000005,0.159,0.189,0.475,3.0,24.2,22.8,0.27,71.0,1.4000000000000006,8,20.2,20.7
Pat Connaughton,2023-24,31.0,195.58,22.1,5.6,76,45,3.1,2.1,0.5,0.3,0.6,0.43500000000000005,0.574,0.10599999999999998,-0.8,0.03,0.112,0.12299999999999998,0.592,4.0,7.6,9.9,0.13299999999999998,61.0,0.4000000000000008,9,5.3,5.4
Patrick Baldwin Jr.,2023-24,21.0,205.74,13.0,4.4,38,6,3.2,0.8,0.5,0.4,0.5,0.381,0.502,0.153,-2.5,0.032,0.201,0.078,0.158,6.0,3.9,3.9,0.227,31.0,0.0,2,2.2,5.4
Patrick Williams,2023-24,22.0,200.65999999999997,27.3,10.0,43,19,3.9,1.5,0.9,0.7999999999999999,1.3,0.443,0.553,0.163,-1.2,0.039,0.105,0.077,0.442,5.0,10.2,9.0,0.156,82.0,0.4999999999999994,4,9.0,10.5
Patty Mills,2023-24,35.0,187.96,13.0,4.0,32,15,1.1,1.1,0.6,0.0,0.5,0.351,0.467,0.152,0.3,0.02,0.066,0.108,0.469,8.0,6.2,11.4,0.182,40.0,-2.3000000000000016,15,3.8,4.6
Paul George,2023-24,34.0,203.2,33.8,22.6,74,48,5.2,3.5,1.5,0.5,2.1,0.471,0.613,0.264,9.1,0.016,0.138,0.157,0.649,7.0,23.8,24.3,0.294,56.0,0.24999999999999886,14,16.2,21.9
Paul Reed,2023-24,25.0,205.74,19.4,7.300000000000001,82,47,6.0,1.3,0.8000000000000002,1.0,0.8000000000000002,0.54,0.58,0.156,4.2,0.11700000000000002,0.194,0.095,0.573,2.0,4.2,3.1,0.152,69.0,0.39999999999999986,4,4.1,7.8
Payton Pritchard,2023-24,26.0,185.42000000000002,22.3,9.6,82,64,3.2000000000000006,3.4000000000000004,0.5,0.10000000000000002,0.7,0.4680000000000001,0.597,0.168,13.600000000000001,0.038,0.103,0.20800000000000002,0.78,1.0,5.599999999999999,6.2,0.19299999999999998,48.0,-1.050000000000001,4,14.3,10.5
Peyton Watson,2023-24,21.0,200.66,18.6,6.7,80,56,3.2,1.1,0.5,1.1,0.7,0.465,0.539,0.16,-0.7,0.038,0.121,0.081,0.7,6.0,3.3,3.3,0.174,23.0,0.0,2,8.1,10.3
Precious Achiuwa,2023-24,24.0,203.2,21.9,7.6,74,40,6.6,1.3,0.6,0.9000000000000001,1.1,0.501,0.545,0.158,-1.0,0.111,0.182,0.088,0.541,3.0,9.2,9.1,0.18999999999999997,55.0,2.0999999999999996,4,6.6,8.6
Quentin Grimes,2023-24,24.0,195.58,20.1,7.0,51,32,2.0,1.3,0.7,0.1,0.5,0.37200000000000005,0.516,0.155,-0.9,0.012999999999999998,0.08,0.09399999999999999,0.627,3.0,11.3,6.0,0.142,71.0,5.299999999999999,3,14.6,7.6
RJ Barrett,2023-24,24.0,198.12,31.7,20.2,58,26,5.4,3.3,0.5,0.4,2.2,0.495,0.58,0.257,-3.3,0.028,0.14,0.159,0.448,3.0,19.6,20.0,0.256,73.0,0.9999999999999978,5,21.1,19.0
Rayan Rupert,2023-24,20.0,198.12,16.2,4.0,39,7,2.4,1.6,0.3,0.1,0.8,0.335,0.45100000000000007,0.131,-9.8,0.034,0.115,0.131,0.179,7.0,4.0,4.0,0.131,39.0,0.0,1,3.0,4.2
Reggie Jackson,2023-24,34.0,187.96,22.2,10.2,82,57,1.8999999999999997,3.7999999999999994,0.5,0.10000000000000002,1.3,0.431,0.521,0.20899999999999996,1.4,0.018,0.063,0.24,0.695,7.0,10.2,16.8,0.205,68.0,-0.2499999999999993,13,4.4,8.5
Richaun Holmes,2023-24,30.0,205.74,13.9,5.0,40,13,4.6,0.6,0.3,0.5,0.6,0.558,0.593,0.141,-7.7,0.11500000000000002,0.198,0.062,0.325,3.0,3.1000000000000005,10.4,0.132,42.0,-5.55,9,7.4,4.1
Ricky Council IV,2023-24,22.0,198.12,9.0,5.4,32,15,1.4,0.5,0.3,0.0,0.2,0.482,0.604,0.208,2.7,0.046,0.115,0.08,0.469,5.0,5.4,5.4,0.208,32.0,0.0,1,7.3,7.5
Royce O'Neale,2023-24,31.0,198.12,24.7,7.700000000000001,79,38,4.8,2.8,0.7,0.6,0.9000000000000001,0.397,0.548,0.134,3.2,0.028999999999999998,0.155,0.149,0.4809999999999999,4.0,8.8,7.400000000000001,0.136,76.0,0.8999999999999989,7,9.1,7.4
Rudy Gobert,2023-24,32.0,215.9,34.1,14.0,76,53,12.9,1.3,0.7,2.1,1.6,0.661,0.675,0.152,8.0,0.118,0.256,0.056999999999999995,0.697,5.0,13.4,15.599999999999998,0.161,70.0,-0.44999999999999835,11,12.0,12.9
Rui Hachimura,2023-24,26.0,203.2,26.8,13.6,68,40,4.3,1.2,0.6,0.4,0.7,0.537,0.628,0.182,2.5,0.034,0.121,0.061,0.588,1.0,11.2,11.3,0.194,63.0,-1.3000000000000005,5,13.1,13.6
Russell Westbrook,2023-24,35.0,193.04,22.5,11.1,68,45,5.0,4.5,1.1,0.3,2.1,0.454,0.514,0.239,3.7,0.062,0.154,0.285,0.662,8.0,15.9,18.5,0.266,73.0,-3.1500000000000017,16,13.3,10.2
Sam Hauser,2023-24,26.0,200.66,22.0,9.0,79,62,3.5,1.0,0.5,0.3,0.4,0.446,0.629,0.146,14.2,0.025,0.122,0.06199999999999999,0.785,1.0,6.4,2.5,0.141,80.0,3.8999999999999995,3,8.5,9.7
Sam Merrill,2023-24,28.0,193.04,17.5,8.0,61,36,2.0,1.8,0.3,0.1,0.3,0.402,0.598,0.17,-0.3,0.02,0.091,0.149,0.59,1.0,5.0,4.2,0.177,5.0,1.0,4,7.2,7.8
Sandro Mamukelashvili,2023-24,25.0,205.74,9.8,4.1,46,12,3.2,1.1,0.2,0.3,0.4,0.47100000000000003,0.559,0.169,4.1,0.088,0.209,0.158,0.261,2.0,6.1000000000000005,3.7999999999999994,0.177,43.0,2.3000000000000003,3,6.3,5.7
Santi Aldama,2023-24,23.0,213.36,26.5,10.7,61,23,5.8,2.3,0.7,0.9,1.1,0.435,0.539,0.177,-8.3,0.040999999999999995,0.173,0.134,0.377,4.0,9.0,4.1,0.157,77.0,4.899999999999998,3,12.5,9.5
Scoot Henderson,2023-24,20.0,190.5,28.5,14.0,62,18,3.1,5.4,0.8,0.2,3.4,0.385,0.489,0.26,-13.0,0.027,0.083,0.3,0.29,7.0,14.0,14.0,0.26,62.0,0.0,1,12.7,14.6
Scottie Barnes,2023-24,22.0,200.66,34.9,19.9,60,22,8.2,6.1,1.3,1.5,2.8,0.475,0.566,0.23999999999999996,-3.2,0.064,0.167,0.253,0.367,5.0,15.300000000000002,15.3,0.2,77.0,-1.165948848400113e-15,3,19.3,20.6
Scotty Pippen Jr.,2023-24,23.0,185.42000000000002,25.1,12.900000000000002,21,5,3.2,4.7,1.6999999999999997,0.5,2.7,0.493,0.596,0.227,-7.5,0.039,0.088,0.31,0.23799999999999996,4.0,2.3,2.3,0.231,6.0,0.0,2,9.9,12.8
Seth Curry,2023-24,33.0,185.42000000000002,14.0,5.1,44,25,1.5,1.0,0.5,0.1,0.5,0.392,0.519,0.159,3.1,0.028,0.078,0.1,0.568,6.0,9.2,15.0,0.188,61.0,-1.6500000000000006,10,6.5,6.2
Shaedon Sharpe,2023-24,21.0,195.58,33.1,15.9,32,8,5.0,2.9,0.9,0.4,2.3,0.406,0.524,0.22,-10.3,0.036,0.116,0.138,0.25,6.0,9.9,9.9,0.186,80.0,0.0,2,18.5,15.8
Shai Gilgeous-Alexander,2023-24,25.0,198.12,34.0,30.1,75,55,5.5,6.2,2.0,0.9,2.2,0.535,0.636,0.317,11.3,0.026,0.128,0.287,0.733,2.0,31.4,24.5,0.318,68.0,3.849999999999995,6,32.7,30.1
Shake Milton,2023-24,27.0,195.58,12.1,4.5,48,32,1.6000000000000003,1.3,0.4000000000000001,0.10000000000000002,0.6,0.405,0.49899999999999994,0.17299999999999996,-4.8,0.023000000000000003,0.102,0.149,0.6670000000000001,0.0,8.4,8.2,0.175,76.0,-2.2999999999999994,6,5.5,6.4
Sidy Cissoko,2023-24,20.0,198.12,11.699999999999998,3.7999999999999994,12,5,1.8,0.8000000000000002,0.6,0.3,0.3,0.48500000000000004,0.568,0.124,8.7,0.055,0.082,0.09500000000000001,0.417,7.0,3.7999999999999994,3.7999999999999994,0.124,12.0,0.0,1,1.5,6.4
Simone Fontecchio,2023-24,28.0,200.66,24.9,10.5,66,29,3.7,1.5,0.7,0.3,1.0,0.46,0.6,0.159,-1.5,0.037,0.107,0.084,0.439,1.0,6.299999999999999,6.299999999999999,0.192,52.0,0.0,2,5.9,9.0
Spencer Dinwiddie,2023-24,31.0,195.58,28.3,10.5,76,38,2.7,4.7,0.7,0.3,1.2,0.392,0.543,0.161,1.6,0.014,0.077,0.217,0.5,4.0,17.3,13.7,0.22,79.0,5.300000000000002,10,11.0,9.0
Stanley Umude,2023-24,25.0,198.12,12.800000000000002,5.3,24,4,2.1,0.5,0.3,0.3,0.6,0.44,0.647,0.15,-9.7,0.027,0.13,0.053,0.167,2.0,2.0,2.0,0.5,1.0,0.0,2,0.7,5.3
Stephen Curry,2023-24,36.0,187.96,32.7,26.4,74,43,4.5,5.1,0.7,0.4,2.8,0.45000000000000007,0.616,0.302,2.7,0.014999999999999998,0.11599999999999999,0.241,0.581,9.0,29.4,25.5,0.297,56.0,-1.300000000000001,15,24.5,23.8
Svi Mykhailiuk,2023-24,27.0,200.66,10.1,4.0,41,32,1.2,0.8999999999999999,0.3,0.0,0.3,0.41600000000000004,0.575,0.156,18.5,0.027,0.093,0.10400000000000001,0.78,0.0,6.9,4.6,0.191,32.0,-0.8000000000000005,6,8.8,4.7
T.J. McConnell,2023-24,32.0,185.42000000000002,18.2,10.2,71,40,2.7,5.5,1.0,0.1,1.5,0.556,0.586,0.229,3.6999999999999997,0.028,0.125,0.406,0.563,5.0,8.7,8.5,0.182,75.0,0.04999999999999972,9,9.1,9.9
Taj Gibson,2023-24,39.0,205.74,10.2,1.7,20,8,1.9,0.6,0.2,0.4,0.3,0.4050000000000001,0.449,0.092,-5.3,0.05600000000000001,0.125,0.071,0.4,12.0,3.4,4.4,0.151,49.0,-1.0000000000000013,15,2.9,2.6
Talen Horton-Tucker,2023-24,23.0,193.04,19.8,10.1,51,14,2.4,3.5,0.9,0.4,1.3,0.396,0.503,0.234,-5.4,0.02,0.09399999999999999,0.265,0.275,4.0,10.7,10.0,0.25,65.0,0.8499999999999979,5,6.5,9.3
Tari Eason,2023-24,23.0,203.2,21.8,9.8,22,12,7.0,1.2,1.4,0.9,0.9,0.466,0.528,0.188,9.4,0.088,0.203,0.087,0.545,4.0,9.3,9.3,0.184,82.0,0.0,2,12.0,10.0
Taurean Prince,2023-24,30.0,198.12,27.0,8.9,78,44,2.9,1.5,0.7,0.4,0.9,0.442,0.579,0.134,-2.6,0.01,0.095,0.073,0.564,3.0,9.1,7.3,0.165,54.0,-0.20000000000000034,8,8.2,8.2
Terance Mann,2023-24,27.0,195.58,25.0,8.8,75,47,3.4,1.6,0.6,0.2,0.6,0.515,0.615,0.135,1.9,0.05,0.088,0.086,0.627,0.0,8.8,10.8,0.149,81.0,0.9000000000000004,5,7.699999999999999,8.9
Terry Rozier,2023-24,30.0,185.42000000000002,33.4,19.8,61,22,4.0,5.6,1.0,0.3,1.7,0.443,0.555,0.253,-7.0,0.017,0.11,0.268,0.361,3.0,21.1,19.3,0.262,63.0,0.35000000000000164,9,10.6,17.1
Thomas Bryant,2023-24,26.0,208.28,11.6,5.7,38,22,3.6999999999999997,0.6,0.3,0.4,0.6,0.577,0.639,0.187,2.1,0.093,0.233,0.079,0.579,1.0,9.8,7.4,0.181,59.0,-2.2500000000000004,7,6.5,6.0
Tim Hardaway Jr.,2023-24,32.0,195.58,26.800000000000004,14.400000000000002,79,49,3.2,1.8000000000000003,0.5,0.1,0.9000000000000001,0.402,0.542,0.22,-0.1,0.01,0.10600000000000001,0.094,0.62,5.0,14.4,14.2,0.201,71.0,-1.1000000000000028,11,11.0,13.5
Tobias Harris,2023-24,31.0,203.2,33.8,17.2,70,41,6.5,3.1,1.0,0.7,1.3,0.48699999999999993,0.576,0.203,4.6,0.033,0.156,0.136,0.586,4.0,14.7,17.2,0.18,74.0,-2.3999999999999986,13,13.7,15.0
Torrey Craig,2023-24,33.0,195.57999999999998,19.8,5.7,53,22,4.1,1.1,0.6,0.4000000000000001,0.6,0.43,0.568,0.12100000000000001,-7.3,0.062,0.148,0.074,0.4149999999999999,6.0,7.4,6.6,0.128,79.0,0.9499999999999997,7,4.2,4.2
Tosan Evbuomwan,2023-24,23.0,200.66,21.6,5.9,17,1,3.5,0.9,0.4,0.3,0.5,0.507,0.616,0.108,-15.6,0.047,0.122,0.063,0.059,4.0,5.9,5.9,0.108,17.0,0.0,1,9.5,4.9
Toumani Camara,2023-24,24.0,200.66,24.8,7.5,70,19,4.9,1.2,0.9,0.5,1.2,0.45,0.547,0.134,-4.6,0.073,0.119,0.072,0.271,3.0,7.5,7.5,0.134,70.0,0.0,1,11.3,6.8
Trae Young,2023-24,25.0,185.42000000000002,36.0,25.7,54,22,2.8,10.8,1.3,0.2,4.4,0.43,0.585,0.289,-2.5,0.011,0.065,0.435,0.407,2.0,26.2,28.400000000000002,0.313,73.0,0.4499999999999963,6,24.2,26.9
Trayce Jackson-Davis,2023-24,24.0,205.74,16.6,7.9,68,39,5.0,1.2,0.4,1.1,0.7,0.702,0.692,0.157,1.1,0.114,0.172,0.103,0.574,3.0,7.9,7.9,0.157,68.0,0.0,1,6.6,9.5
Tre Jones,2023-24,24.0,185.42000000000002,27.799999999999997,10.0,77,21,3.7999999999999994,6.2,1.0,0.1,1.5,0.505,0.591,0.149,-0.8999999999999999,0.026,0.104,0.298,0.273,3.0,12.9,6.0,0.189,68.0,5.199999999999999,4,7.2,11.0
Trendon Watford,2023-24,23.0,203.2,13.6,6.9,63,25,3.1,1.3,0.4,0.3,1.0,0.527,0.611,0.203,-3.8,0.059,0.162,0.148,0.397,4.0,7.4,7.599999999999999,0.158,62.0,-0.19999999999999934,3,10.2,7.7
Trevelin Queen,2023-24,27.0,195.58,11.8,2.9,14,5,1.4,1.3,0.5,0.4,0.5,0.368,0.462,0.137,0.2,0.021,0.101,0.165,0.35699999999999993,0.0,3.0,4.3,0.194,7.0,-1.3000000000000003,3,4.9,5.7
Trey Jemison III,2023-24,24.0,208.28,23.0,6.8,25,5,5.4,1.1,0.5,1.1,1.4,0.551,0.582,0.132,-7.3,0.105,0.131,0.069,0.2,3.0,6.8,6.8,0.132,25.0,0.0,1,2.5,5.2
Trey Lyles,2023-24,28.0,205.74,20.0,7.2,58,33,4.4,1.2,0.3,0.3,0.7,0.44499999999999995,0.596,0.139,7.7,0.052,0.166,0.079,0.569,1.0,7.6,10.5,0.174,74.0,1.3000000000000007,9,6.5,6.5
Trey Murphy III,2023-24,24.0,203.2,29.7,14.8,57,35,4.9,2.2,0.9,0.5,0.6,0.443,0.612,0.18200000000000002,7.0,0.025,0.139,0.104,0.614,3.0,14.5,5.4,0.159,79.0,9.099999999999996,3,21.2,16.4
Tristan Thompson,2023-24,33.0,205.74,11.2,3.3,49,28,3.6,1.0,0.2,0.3,0.6,0.613,0.567,0.132,-0.5,0.13,0.179,0.134,0.571,6.0,6.0,7.6,0.168,57.0,-3.0,12,1.7,3.1
Tyler Herro,2023-24,24.0,195.58,33.5,20.8,42,23,5.3,4.5,0.7,0.1,2.2,0.44099999999999995,0.558,0.268,1.0,0.012999999999999998,0.14,0.21800000000000003,0.548,3.0,20.1,20.7,0.25,67.0,2.499999999999998,5,23.9,20.9
Tyrese Haliburton,2023-24,24.0,195.58,32.2,20.1,69,40,3.8999999999999995,10.9,1.2,0.7,2.3,0.477,0.605,0.239,6.2,0.016,0.102,0.444,0.58,3.0,20.7,15.300000000000002,0.238,56.0,3.850000000000002,4,18.6,21.3
Tyrese Maxey,2023-24,23.0,187.96,37.5,25.9,70,43,3.7,6.2,1.0,0.5,1.7,0.45,0.573,0.273,5.2,0.014,0.085,0.257,0.614,4.0,20.3,17.5,0.23600000000000002,60.0,6.15,4,26.300000000000004,25.4
Tyus Jones,2023-24,28.0,185.42000000000002,29.3,12.0,66,11,2.7,7.3,1.1,0.3,1.0,0.489,0.578,0.161,-11.9,0.01,0.081,0.331,0.167,1.0,10.3,8.7,0.175,80.0,1.999999999999999,9,10.2,11.0
Vasilije Micic,2023-24,30.0,190.5,19.6,7.0,60,34,1.5,4.4,0.5,0.1,1.7,0.43,0.524,0.189,-3.1,0.013,0.063,0.307,0.567,3.0,7.0,7.0,0.189,60.0,0.0,1,6.599999999999999,6.6
Victor Wembanyama,2023-24,20.0,223.52,29.699999999999996,21.4,71,19,10.6,3.8999999999999995,1.2,3.6,3.6999999999999997,0.465,0.565,0.312,-3.2,0.074,0.273,0.213,0.268,7.0,21.4,21.4,0.312,71.0,0.0,1,24.3,24.9
Vince Williams Jr.,2023-24,23.0,193.04,27.6,10.0,52,18,5.6,3.3999999999999995,0.9000000000000001,0.7,1.8000000000000003,0.446,0.597,0.155,-3.0,0.039,0.163,0.177,0.346,4.0,2.0,2.0,0.176,15.0,0.0,2,6.6,9.2
Vít Krejčí,2023-24,24.0,203.2,24.6,6.1,22,9,2.4,2.3,0.6,0.3,0.9,0.49,0.633,0.098,-0.3,0.02,0.084,0.114,0.409,3.0,1.2,6.2,0.108,29.0,-5.000000000000001,3,7.2,6.4
Walker Kessler,2023-24,22.0,213.36,23.3,8.1,64,26,7.5,0.9,0.5,2.4,1.0,0.654,0.663,0.127,-4.5,0.109,0.199,0.058,0.406,5.0,9.2,9.2,0.13,74.0,0.0,2,11.1,9.7
Wendell Carter Jr.,2023-24,25.0,208.28,25.6,11.0,55,30,6.9,1.7,0.6,0.5,1.2,0.525,0.623,0.172,1.1,0.083,0.207,0.1,0.545,2.0,15.2,15.0,0.20400000000000001,57.0,2.000000000000001,6,9.1,10.7
Xavier Tillman,2023-24,25.0,200.66,18.0,5.3,54,30,3.9,1.4,0.9,0.8,0.6,0.434,0.472,0.146,-2.9,0.066,0.149,0.116,0.556,2.0,7.0,4.8,0.136,61.0,0.20000000000000048,4,1.0,5.9
Zach Collins,2023-24,26.0,210.82,22.1,11.2,69,19,5.4,2.8,0.5,0.8,1.9,0.484,0.565,0.224,-11.4,0.073,0.162,0.196,0.275,1.0,11.6,7.8,0.209,63.0,2.2999999999999985,6,6.4,10.4
Zach LaVine,2023-24,29.0,195.58,34.9,19.5,25,10,5.2,3.9,0.8,0.3,2.1,0.452,0.578,0.23799999999999996,-5.4,0.009,0.134,0.172,0.4,2.0,24.8,24.4,0.278,77.0,-1.2999999999999996,10,23.3,18.5
Zeke Nnaji,2023-24,23.0,205.74,9.9,3.2,58,41,2.2,0.6,0.3,0.7,0.5,0.463,0.528,0.15,-11.9,0.099,0.103,0.07999999999999999,0.707,4.0,5.2,6.599999999999999,0.149,53.0,1.0000000000000007,4,3.2,6.2
Ziaire Williams,2023-24,22.0,205.74,20.3,8.2,51,20,3.5,1.5,0.7,0.2,1.3,0.397,0.511,0.192,-9.9,0.031,0.138,0.118,0.392,5.0,5.7,8.1,0.178,37.0,-2.400000000000001,3,10.0,8.2
Zion Williamson,2023-24,23.0,198.12,31.5,22.9,70,42,5.8,5.0,1.1,0.7,2.8,0.57,0.61,0.285,2.9,0.055,0.127,0.256,0.6,4.0,26.0,27.0,0.2879999999999999,29.0,1.7499999999999978,4,24.6,25.3
