PLAYER,SEASON,AGE,HEIGHT,MPG,PPG,GP,W,ORB,DRB,TRB,AST,BLK,ST,TOV,PF,FTM,3PM,FGM,FGA,FG%,3P%,FT%,2P%,eFG%,TS%,USG%,EFF,PER,+/-,POSS,TM OFF RTG (ON),TM DEF RTG (ON),TM NET RTG (ON),IND OFF RTG,IND DEF RTG,IND NET RTG,OWS,DWS,WS,BPM,OBPM,DBPM,VORP,WIN_RATE,PEAK_AGE_DIST,REALE_NEXT_PPG,PREDIZIONE
Abalde A.,2024-2025,29,202,18.424242424242426,5.545454545454546,33,20,15,62,77,48,0,15,18,60,16,33,67,135,49.6,44.0,88.9,56.7,61.9,64.4,12.7,194,13.0,72,160,118.0,108.9,9.1,126.7,103.9,22.8,1.1,1.5,2.5,2.3,1.0,1.4,1.8,0.6060606060606061,2,4.885714285714286,6.0
Ajinca M.,2024-2025,21,203,14.923076923076923,5.653846153846154,26,10,7,25,32,9,0,2,17,45,10,35,51,114,44.7,42.7,90.9,50.0,60.1,62.8,16.5,73,8.7,-99,134,110.3,122.5,-12.2,102.0,116.9,-14.9,-0.1,0.3,0.2,-4.3,-2.0,-2.3,-0.5,0.38461538461538464,6,5.933333333333334,5.7
Akele N.,2024-2025,29,203,10.3125,3.1875,16,4,7,19,26,1,1,5,5,21,0,3,24,30,80.0,75.0,0.0,80.8,85.0,85.0,10.7,57,13.6,-15,35,113.9,115.5,-1.6,134.7,109.1,25.6,0.2,0.2,0.4,-1.6,-2.2,0.6,0.0,0.25,2,2.576923076923077,3.9
Anderson J.,2024-2025,31,198,18.612903225806452,6.645161290322581,31,19,18,65,83,36,9,22,15,58,32,24,75,141,53.2,40.7,86.5,62.2,61.7,65.4,14.5,241,15.2,-36,173,114.9,117.3,-2.4,124.8,108.2,16.6,0.9,1.0,1.9,3.1,1.5,1.6,1.9,0.6129032258064516,4,6.09375,6.0
Baldwin K.,2024-2025,27,185,21.4,7.12,25,11,4,38,42,93,5,22,23,61,20,20,69,180,38.3,30.3,80.0,43.0,43.9,46.6,18.8,161,11.9,50,214,118.6,113.6,5.0,120.6,106.7,13.9,0.7,0.9,1.6,-2.7,-1.3,-1.4,-0.2,0.44,0,6.666666666666667,7.0
Baldwin W.,2024-2025,29,193,24.09090909090909,11.045454545454545,22,13,17,41,58,81,3,18,51,43,58,21,82,197,41.6,30.0,80.6,48.0,47.0,53.1,25.4,240,14.3,-20,280,114.3,115.4,-1.1,114.6,107.3,7.3,0.7,1.3,1.9,-1.0,-0.4,-0.6,0.4,0.5909090909090909,2,14.305555555555555,11.1
Beaubois R.,2024-2025,37,190,19.0,9.0625,32,18,6,38,44,51,8,23,17,63,19,55,108,210,51.4,46.6,86.4,57.6,64.5,67.1,18.7,258,17.8,92,233,123.6,116.4,7.2,135.1,108.2,26.9,1.2,1.0,2.2,3.2,3.6,-0.5,1.7,0.5625,10,5.15,7.6
Biberovic T.,2024-2025,24,201,22.46875,9.8125,32,22,28,73,101,48,6,15,42,78,24,66,112,252,44.4,42.0,85.7,48.4,57.5,59.7,20.7,249,14.7,92,305,122.3,114.0,8.3,110.2,106.7,3.5,0.4,1.5,2.0,1.4,1.4,0.0,1.6,0.6875,3,10.485714285714286,8.6
Birch K.,2024-2025,32,206,12.935483870967742,3.5806451612903225,31,21,49,58,107,20,13,14,25,69,25,0,43,74,58.1,0.0,73.5,58.1,58.1,62.7,14.3,163,13.4,-16,114,117.4,116.8,0.6,118.4,104.3,14.1,0.3,1.0,1.3,1.6,-1.8,3.4,1.0,0.6774193548387096,5,3.5945945945945947,5.1
Birutis L.,2024-2025,27,213,13.06060606060606,5.393939393939394,33,15,31,60,91,12,17,5,24,77,34,0,72,112,64.3,0.0,59.6,64.3,64.3,64.3,19.2,183,15.6,57,163,110.6,104.3,6.3,105.2,96.5,8.7,0.0,1.1,1.1,-1.4,-3.1,1.7,0.1,0.45454545454545453,0,4.333333333333333,6.2
Blatt T.,2024-2025,28,185,24.26923076923077,8.884615384615385,26,7,10,52,62,175,0,12,75,34,38,53,70,186,37.6,35.6,95.0,45.9,51.9,57.2,20.2,303,12.7,-49,277,117.7,123.6,-5.9,114.6,116.6,-2.0,0.6,0.5,1.1,-3.0,1.5,-4.5,-0.3,0.2692307692307692,1,7.108108108108108,8.3
Blossomgame J.,2024-2025,31,198,23.03030303030303,7.818181818181818,33,20,39,92,131,16,5,13,15,66,33,21,102,195,52.3,32.8,62.3,61.8,57.7,58.6,15.2,298,12.2,52,235,118.1,113.9,4.2,113.5,106.1,7.4,0.5,1.7,2.2,-0.4,-1.1,0.7,0.9,0.6060606060606061,4,9.054054054054054,6.8
Bolmaro L.,2024-2025,24,198,22.4,6.92,25,10,11,48,59,77,5,27,29,47,31,8,67,152,44.1,22.2,67.4,50.9,46.7,50.3,17.6,221,12.4,-41,201,114.2,117.2,-3.0,117.9,108.8,9.1,0.5,0.9,1.4,-1.3,-1.5,0.1,0.2,0.4,3,9.857142857142858,6.7
Bolomboy J.,2024-2025,31,206,24.166666666666668,10.166666666666666,18,11,61,90,151,11,15,17,25,45,28,3,76,116,65.5,37.5,73.7,67.6,66.8,68.8,18.2,298,22.3,26,158,112.4,106.3,6.1,120.4,93.0,27.4,0.4,1.3,1.7,3.4,0.2,3.2,1.3,0.6111111111111112,4,6.3076923076923075,7.9
Bonga I.,2024-2025,25,204,25.06896551724138,7.551724137931035,29,14,43,87,130,34,15,22,20,63,39,40,70,158,44.3,41.2,92.9,49.2,57.0,62.2,13.6,282,14.2,32,196,118.4,115.2,3.2,120.8,104.7,16.1,0.6,1.4,2.0,2.9,0.9,2.0,2.0,0.4827586206896552,2,10.108108108108109,6.6
Booker D.,2024-2025,34,205,25.73076923076923,14.884615384615385,26,14,47,77,124,42,5,19,42,69,71,28,144,262,55.0,38.9,81.6,61.1,60.3,64.2,24.4,425,19.4,-5,344,119.0,120.3,-1.3,113.7,111.9,1.8,0.4,0.9,1.3,-0.2,1.2,-1.3,0.7,0.5384615384615384,7,8.257142857142858,13.8
Brazdeikis I.,2024-2025,26,198,17.214285714285715,8.0,28,13,24,64,88,39,4,10,26,43,38,16,85,202,42.1,22.5,90.5,52.7,46.0,50.9,25.1,204,15.0,-17,246,108.6,110.4,-1.8,110.6,102.6,8.0,0.2,1.0,1.2,-2.7,-2.0,-0.7,-0.2,0.4642857142857143,1,5.142857142857143,7.5
Brizuela D.,2024-2025,30,187,17.833333333333332,9.333333333333334,30,18,8,34,42,65,3,12,35,53,36,48,98,211,46.4,42.5,78.3,51.0,57.8,61.1,22.8,240,16.0,90,264,120.4,115.5,4.9,121.7,109.9,11.8,1.1,1.0,2.1,-0.3,1.9,-2.2,0.6,0.6,3,8.971428571428572,8.0
Brooks A.,2024-2025,27,194,14.96875,7.625,32,17,14,51,65,25,3,16,17,45,28,50,83,193,43.0,41.3,96.6,45.8,56.0,59.5,22.4,196,16.4,7,222,118.0,116.0,2.0,116.9,108.5,8.4,0.4,0.8,1.2,-0.8,1.0,-1.8,0.3,0.53125,0,13.054054054054054,7.6
Brown L.,2024-2025,34,196,15.548387096774194,6.806451612903226,31,19,7,55,62,85,2,25,37,35,29,24,79,169,46.7,34.3,78.4,55.6,53.8,57.0,22.1,258,15.3,-14,222,112.0,115.2,-3.2,113.4,106.4,7.0,0.1,0.9,1.0,-0.1,0.4,-0.5,0.6,0.6129032258064516,7,5.833333333333333,7.2
Brown S.,2024-2025,30,198,25.96969696969697,12.606060606060606,33,16,21,79,100,71,6,27,45,72,39,69,154,293,52.6,47.6,92.9,57.4,64.3,67.3,20.5,391,18.0,62,354,117.9,114.8,3.1,123.1,107.3,15.8,1.2,1.5,2.6,2.2,2.4,-0.3,2.0,0.48484848484848486,3,13.722222222222221,10.1
Bryant E.,2024-2025,30,196,26.625,13.78125,32,19,18,114,132,105,7,36,71,84,78,45,159,346,46.0,37.2,88.6,50.7,52.5,58.3,25.7,470,16.4,75,449,119.7,113.4,6.3,116.7,104.2,12.5,0.8,2.0,2.8,1.0,0.5,0.5,1.7,0.59375,3,16.09090909090909,12.9
Butkevicius A.,2024-2025,32,197,22.28125,4.59375,32,15,31,90,121,36,10,34,24,82,26,27,47,114,41.2,38.0,74.3,46.5,53.1,56.5,10.5,213,10.7,55,154,109.6,104.3,5.3,105.2,94.9,10.3,0.0,2.1,2.0,2.4,-1.8,4.2,1.7,0.46875,5,5.7272727272727275,5.2
Calathes N.,2024-2025,36,198,18.454545454545453,4.181818181818182,11,7,4,23,27,45,1,10,17,23,0,6,20,55,36.4,21.4,0.0,51.9,41.8,41.1,17.1,55,8.7,-8,73,113.2,115.1,-1.9,99.5,105.4,-5.9,-0.2,0.5,0.3,-2.5,-2.5,0.1,-0.1,0.6363636363636364,9,4.266666666666667,6.6
Campazzo F.,2024-2025,34,179,25.939393939393938,12.242424242424242,33,20,23,77,100,210,2,37,78,73,120,42,121,271,44.6,31.6,87.0,57.2,52.4,61.7,22.7,593,18.5,137,406,120.1,112.0,8.1,132.0,104.3,27.7,2.9,2.0,4.8,3.3,3.8,-0.5,2.9,0.6060606060606061,7,11.72972972972973,11.1
Cavaliere L.,2024-2025,29,202,10.882352941176471,2.8823529411764706,34,19,36,51,87,14,0,9,17,68,14,4,40,63,63.5,44.4,70.0,66.7,66.7,67.6,11.2,123,12.2,-120,90,116.2,129.9,-13.7,124.5,117.3,7.2,0.3,0.3,0.6,-1.6,-2.4,0.7,0.1,0.5588235294117647,2,3.111111111111111,4.1
Clyburn W.,2024-2025,35,201,27.416666666666668,13.75,24,7,24,89,113,57,5,26,34,36,49,43,119,273,43.6,34.1,81.7,51.7,51.5,55.6,24.5,369,17.4,-69,331,111.3,116.9,-5.6,117.4,105.6,11.8,0.7,1.3,2.0,0.4,0.4,0.0,0.9,0.2916666666666667,8,13.133333333333333,12.4
Colson B.,2024-2025,29,198,19.38235294117647,7.029411764705882,34,23,40,88,128,20,9,24,28,51,24,31,92,214,43.0,34.8,64.9,48.8,50.2,52.0,18.4,246,12.7,-22,258,111.5,113.7,-2.2,99.1,104.3,-5.2,-0.4,1.4,1.0,-1.5,-2.5,1.0,0.2,0.6764705882352942,2,7.911764705882353,7.0
Cordinier I.,2024-2025,28,194,26.794117647058822,12.029411764705882,34,9,35,97,132,132,9,23,69,96,91,28,145,306,47.4,27.7,79.8,57.1,52.0,58.1,22.5,461,15.6,-42,421,113.4,117.1,-3.7,119.0,107.9,11.1,1.2,1.5,2.7,-0.2,0.4,-0.6,0.9,0.2647058823529412,1,9.4,9.8
Da Silva O.,2024-2025,26,205,15.28,4.84,25,16,29,48,77,12,6,12,19,52,13,6,51,88,58.0,31.6,68.4,65.2,61.4,64.4,14.1,141,13.1,20,113,114.5,111.0,3.5,117.5,102.0,15.5,0.2,0.9,1.1,-1.2,-1.6,0.4,0.2,0.64,1,6.176470588235294,6.0
Davidovac D.,2024-2025,30,202,12.925925925925926,3.888888888888889,27,15,8,41,49,15,5,10,9,44,23,10,36,65,55.4,40.0,92.0,65.0,63.1,69.1,12.1,124,12.7,37,85,116.9,109.8,7.1,125.2,101.6,23.6,0.3,0.8,1.1,0.8,-1.2,2.0,0.5,0.5555555555555556,3,2.619047619047619,4.7
De Colo N.,2024-2025,38,196,20.59375,11.5,32,13,11,44,55,143,1,24,76,51,91,55,111,248,44.8,38.7,94.8,52.8,55.8,63.9,26.3,419,18.8,-73,364,112.7,119.0,-6.3,125.6,110.8,14.8,1.6,0.9,2.6,0.1,3.6,-3.5,0.7,0.40625,11,13.615384615384615,10.2
Deck G.,2024-2025,30,198,23.91304347826087,8.478260869565217,23,14,21,52,73,31,5,10,25,39,34,17,72,131,55.0,39.5,68.0,62.5,61.5,63.5,15.5,208,12.3,21,179,113.7,111.6,2.1,109.8,107.3,2.5,0.2,1.1,1.3,0.8,-0.6,1.5,1.0,0.6086956521739131,3,6.911764705882353,6.6
Diallo A.,2024-2025,28,201,26.25,10.642857142857142,28,17,46,70,116,52,9,31,35,80,42,20,118,220,53.6,40.8,66.7,57.3,58.2,60.3,18.2,326,16.7,23,282,115.3,113.8,1.5,116.5,104.4,12.1,1.1,1.8,2.9,3.4,1.4,1.9,2.7,0.6071428571428571,1,11.972972972972974,9.3
Dibartolomeo J.,2024-2025,34,183,17.333333333333332,5.151515151515151,33,11,24,38,62,22,0,22,8,76,24,44,51,124,41.1,42.7,88.9,33.3,58.9,63.0,11.3,172,11.2,-91,143,112.7,121.7,-9.0,129.8,113.0,16.8,0.6,0.7,1.3,1.2,1.4,-0.2,1.0,0.3333333333333333,7,4.0,5.1
Dimitrijevic N.,2024-2025,27,186,16.88888888888889,7.555555555555555,27,13,8,34,42,77,0,11,41,33,48,18,69,189,36.5,23.7,87.3,45.1,41.3,47.2,27.3,176,11.3,-111,257,112.1,126.7,-14.6,103.2,118.3,-15.1,-0.2,0.3,0.1,-6.5,-2.4,-4.1,-1.1,0.48148148148148145,0,10.733333333333333,8.7
Diop K.,2024-2025,23,208,14.4375,4.09375,32,13,55,61,116,15,16,11,23,64,19,0,56,91,61.5,0.0,52.8,62.9,61.5,61.2,13.3,185,14.4,57,130,115.9,109.7,6.2,108.7,100.1,8.6,0.1,1.1,1.1,0.1,-2.1,2.2,0.5,0.40625,4,4.0,5.4
Diouf M.,2024-2025,23,206,15.806451612903226,6.225806451612903,31,8,40,57,97,13,12,20,21,62,61,0,66,110,60.0,0.0,70.1,60.0,60.0,64.3,17.6,245,17.0,-5,171,109.8,109.5,0.3,114.2,98.5,15.7,0.3,1.3,1.5,0.0,-1.9,1.9,0.6,0.25806451612903225,4,8.0625,5.5
Dobric O.,2024-2025,30,200,11.423076923076923,3.6153846153846154,26,12,7,22,29,12,2,13,17,35,9,13,36,82,43.9,29.5,75.0,60.5,51.8,54.0,17.3,63,8.5,-45,104,107.5,113.0,-5.5,89.3,104.9,-15.6,-0.3,0.6,0.2,-2.4,-3.7,1.3,-0.1,0.46153846153846156,3,4.75,4.8
Dorsey T.,2024-2025,29,196,10.15,3.3,20,12,2,17,19,21,1,4,19,22,12,12,21,64,32.8,29.3,60.0,39.1,42.2,45.5,21.3,40,4.6,-31,92,105.7,114.9,-9.2,85.4,108.8,-23.4,-0.4,0.3,-0.1,-6.6,-5.0,-1.6,-0.5,0.6,2,16.972972972972972,5.4
Dos Santos Y.,2024-2025,26,175,16.558823529411764,6.470588235294118,34,18,7,44,51,113,0,17,42,47,44,34,71,183,38.8,39.5,81.5,38.1,48.1,53.7,21.3,259,13.1,106,247,116.3,108.5,7.8,120.6,101.7,18.9,0.8,1.3,2.1,-1.6,-0.1,-1.5,0.1,0.5294117647058824,1,2.6,7.5
Dozier P.,2024-2025,28,198,17.666666666666668,7.833333333333333,12,9,5,19,24,39,2,8,18,24,12,14,34,61,55.7,58.3,92.3,54.1,67.2,71.2,19.3,116,16.0,51,84,130.1,114.2,15.9,133.4,109.2,24.2,0.5,0.6,1.1,1.2,1.3,-0.1,0.6,0.75,1,9.692307692307692,7.8
Dunston B.,2024-2025,39,203,15.696969696969697,4.0,33,15,55,54,109,29,16,17,19,94,22,0,55,89,61.8,0.0,64.7,63.2,61.8,63.2,11.7,175,14.5,-55,124,107.5,112.9,-5.4,126.6,103.0,23.6,0.5,1.1,1.6,3.0,-1.0,4.0,1.4,0.45454545454545453,12,3.0625,4.5
Edwards C.,2024-2025,27,180,28.647058823529413,20.470588235294116,34,19,18,60,78,112,1,33,76,72,110,98,244,543,44.9,36.0,90.9,53.9,54.0,58.6,32.9,577,19.4,41,670,121.8,119.7,2.1,117.3,112.0,5.3,1.4,1.3,2.8,-1.7,2.3,-4.0,0.2,0.5588235294117647,0,17.257142857142856,14.2
Fall Y.,2024-2025,30,221,9.782608695652174,3.9130434782608696,23,15,26,34,60,1,6,1,19,41,14,0,38,55,69.1,0.0,60.9,69.1,69.1,68.2,17.4,90,17.0,47,85,113.4,101.9,11.5,103.0,97.5,5.5,0.1,0.7,0.8,-4.7,-3.1,-1.6,-0.4,0.6521739130434783,3,2.2666666666666666,5.5
Feliz A.,2024-2025,27,188,14.23076923076923,4.730769230769231,26,17,10,36,46,43,2,13,18,53,15,12,48,111,43.2,28.6,75.0,52.2,48.6,51.3,17.2,117,12.6,-3,138,112.9,112.5,0.4,112.0,105.1,6.9,0.2,1.1,1.3,0.2,-1.5,1.7,0.6,0.6538461538461539,0,6.15625,6.6
Forrest T.,2024-2025,27,193,24.764705882352942,9.676470588235293,34,14,15,80,95,160,8,28,66,65,54,19,128,267,47.9,32.8,81.8,52.2,51.5,56.1,20.7,396,15.2,28,359,116.3,114.6,1.7,122.8,106.4,16.4,1.4,1.5,2.9,-1.0,-0.1,-0.9,0.4,0.4117647058823529,0,10.923076923076923,9.0
Fournier E.,2024-2025,32,199,25.5,15.8125,32,22,20,49,69,84,5,33,54,64,82,82,171,403,42.4,37.3,71.3,48.6,52.6,56.1,30.0,395,17.3,77,505,120.5,115.7,4.8,110.9,108.3,2.6,0.4,1.7,2.1,0.3,1.9,-1.6,1.2,0.6875,5,11.121212121212121,13.2
Francisco S.,2024-2025,27,186,25.515151515151516,14.606060606060606,33,15,16,68,84,149,12,32,94,61,126,74,141,354,39.8,34.9,75.4,47.2,50.3,56.7,29.7,515,17.5,54,519,113.7,111.8,1.9,117.2,103.6,13.6,1.2,1.7,2.9,1.5,2.6,-1.1,1.6,0.45454545454545453,0,16.54054054054054,14.3
Gabriel W.,2024-2025,28,206,17.75,6.75,16,11,26,33,59,6,15,10,14,45,12,0,48,71,67.6,0.0,42.9,68.6,67.6,65.9,16.4,127,14.3,36,96,125.2,117.1,8.1,112.8,106.5,6.3,0.0,0.8,0.9,2.0,-1.3,3.4,0.8,0.6875,1,6.114285714285714,7.4
Garuba U.,2024-2025,23,201,14.380952380952381,4.142857142857143,21,14,19,50,69,12,8,14,11,55,8,5,37,73,50.7,17.9,53.3,71.1,54.1,54.4,14.6,92,11.6,20,91,117.8,111.1,6.7,109.4,98.3,11.1,-0.1,1.0,0.9,1.1,-3.0,4.0,0.6,0.6666666666666666,4,4.617647058823529,6.0
Giedraitis D.,2024-2025,24,185,24.06896551724138,5.931034482758621,29,13,20,32,52,53,2,19,31,59,11,25,68,152,44.7,40.3,78.6,47.8,53.0,54.8,13.4,137,8.4,-37,188,110.4,112.7,-2.3,114.4,106.7,7.7,0.3,1.2,1.5,-1.2,-2.3,1.1,0.3,0.4482758620689655,3,2.125,6.2
Giffey N.,2024-2025,34,200,17.782608695652176,6.304347826086956,23,12,13,32,45,20,4,4,19,61,12,29,52,91,57.1,58.0,75.0,56.1,73.1,74.0,14.2,116,11.7,37,117,126.1,122.6,3.5,125.0,115.2,9.8,0.5,0.4,0.9,-0.4,0.7,-1.0,0.4,0.5217391304347826,7,4.709677419354839,5.5
Grant J.,2024-2025,32,196,26.12121212121212,8.393939393939394,33,21,11,47,58,109,2,28,25,69,46,35,98,195,50.3,41.2,83.6,57.3,59.2,64.1,13.7,329,13.3,74,241,123.5,117.7,5.8,138.7,111.6,27.1,2.0,1.6,3.6,2.1,1.9,0.2,2.4,0.6363636363636364,5,7.371428571428571,7.4
Guduric M.,2024-2025,30,196,22.096774193548388,11.03225806451613,31,22,12,68,80,100,2,24,66,79,83,41,109,225,48.4,37.6,88.3,58.6,57.6,64.5,22.9,370,16.9,104,331,119.7,113.2,6.5,123.2,105.8,17.4,1.5,1.5,3.0,1.7,1.8,-0.1,1.6,0.7096774193548387,3,9.942857142857143,10.4
Hackett D.,2024-2025,37,197,15.64516129032258,2.4838709677419355,31,7,8,53,61,54,0,11,28,73,12,13,26,70,37.1,36.1,85.7,38.2,46.4,50.0,10.9,91,5.5,-96,105,106.1,114.9,-8.8,104.9,106.4,-1.5,0.0,0.9,0.8,-4.1,-4.3,0.2,-0.6,0.22580645161290322,10,3.3636363636363638,3.9
Hall D.,2024-2025,29,195,23.22222222222222,6.925925925925926,27,19,19,39,58,95,2,13,35,55,26,27,67,161,41.6,33.3,78.8,50.0,50.0,53.4,15.8,206,12.6,50,210,118.0,113.3,4.7,124.9,108.3,16.6,1.3,1.1,2.5,0.7,0.9,-0.3,1.1,0.7037037037037037,2,8.735294117647058,7.5
Hall D.,2024-2025,27,208,21.5,8.735294117647058,34,14,64,118,182,30,38,18,25,59,67,0,115,162,71.0,0.0,69.1,71.4,71.0,73.0,15.2,488,21.4,-78,229,114.9,119.9,-5.0,134.8,106.6,28.2,1.3,1.3,2.6,4.3,0.8,3.5,2.5,0.4117647058823529,0,9.03448275862069,7.1
Harrison S.,2024-2025,31,193,16.352941176470587,5.205882352941177,34,13,10,45,55,54,8,39,38,80,20,15,71,152,46.7,41.7,57.1,48.3,51.6,53.3,18.0,148,11.3,-102,204,111.3,118.5,-7.2,101.3,105.9,-4.6,-0.2,1.1,0.8,-1.6,-3.3,1.6,0.1,0.38235294117647056,4,7.142857142857143,5.9
Hayes Davis N.,2024-2025,30,203,31.11764705882353,16.823529411764707,34,23,48,130,178,50,9,39,51,72,99,85,194,422,46.0,42.3,89.2,49.3,56.0,61.4,23.5,606,19.2,43,517,115.5,113.0,2.5,117.0,104.2,12.8,1.5,2.5,4.1,3.2,2.2,1.0,3.5,0.6764705882352942,3,16.22222222222222,13.3
Hayes K.,2024-2025,28,206,19.91176470588235,6.352941176470588,34,19,61,93,154,16,29,31,33,95,50,0,83,142,58.5,0.0,76.9,58.9,58.5,62.4,14.5,288,16.3,138,206,116.9,107.6,9.3,108.3,96.0,12.3,0.3,2.1,2.5,2.5,-1.7,4.2,1.9,0.5588235294117647,1,6.294117647058823,6.4
Hernangomez J.,2024-2025,29,206,27.03030303030303,10.363636363636363,33,21,47,174,221,47,8,31,20,36,35,53,127,251,50.6,43.8,66.0,56.9,61.2,62.1,16.2,506,17.5,140,296,123.3,114.8,8.5,119.9,103.7,16.2,0.9,2.3,3.2,3.4,1.5,1.9,3.2,0.6363636363636364,2,8.54054054054054,9.3
Hernangomez W.,2024-2025,31,210,15.428571428571429,8.071428571428571,28,14,46,74,120,16,4,18,33,52,48,0,89,141,63.1,0.0,64.0,63.6,63.1,65.3,22.6,291,20.8,73,206,125.3,116.6,8.7,114.0,105.2,8.8,0.5,1.0,1.5,-0.2,-0.3,0.1,0.5,0.5,4,5.648648648648648,7.2
Herrera S.,2024-2025,27,190,11.923076923076923,4.384615384615385,13,7,3,11,14,5,0,5,2,17,8,15,17,48,35.4,36.6,80.0,28.6,51.0,54.8,16.0,32,9.1,69,54,125.3,103.8,21.5,110.2,99.4,10.8,0.0,0.5,0.5,-2.1,-0.8,-1.3,0.0,0.5384615384615384,0,7.714285714285714,6.1
Hezonja M.,2024-2025,30,198,26.90625,14.625,32,20,15,151,166,52,4,25,47,50,62,62,172,382,45.0,31.5,83.8,59.5,53.1,56.8,25.6,456,16.6,53,459,114.7,110.8,3.9,101.8,101.4,0.4,-0.4,2.4,2.0,-0.3,-0.6,0.3,1.0,0.625,3,13.0,13.7
Hifi N.,2024-2025,22,185,19.676470588235293,14.676470588235293,34,19,16,55,71,44,0,21,51,60,97,84,159,404,39.4,33.5,85.8,49.0,49.8,55.3,33.7,355,19.0,-149,502,114.9,126.7,-11.8,110.1,115.9,-5.8,0.5,0.8,1.3,-2.7,1.4,-4.1,-0.3,0.5588235294117647,5,19.02777777777778,14.7
Hoard J.,2024-2025,26,204,30.541666666666668,14.708333333333334,24,6,31,90,121,33,6,31,21,46,76,11,133,232,57.3,32.4,78.4,61.6,59.7,64.3,19.0,421,19.0,-47,296,117.7,122.0,-4.3,120.6,109.7,10.9,0.7,1.1,1.8,1.4,1.1,0.3,1.4,0.25,1,11.911764705882353,13.4
Howard M.,2024-2025,26,178,22.40625,12.09375,32,14,8,34,42,48,0,11,46,73,51,80,128,344,37.2,33.9,85.0,44.4,48.8,53.2,26.5,197,10.7,-11,410,117.0,122.5,-5.5,104.1,115.7,-11.6,-0.2,0.6,0.5,-4.7,-0.8,-3.9,-1.1,0.4375,1,10.590909090909092,10.0
Jackson E.,2024-2025,35,190,15.0,3.6363636363636362,22,7,8,24,32,14,0,5,12,37,8,12,30,87,34.5,25.0,100.0,46.2,41.4,44.0,15.2,39,4.8,-54,103,108.0,115.6,-7.6,91.3,108.8,-17.5,-0.3,0.5,0.2,-6.5,-5.0,-1.5,-0.8,0.3181818181818182,8,6.75,4.7
James M.,2024-2025,34,185,29.205882352941178,15.764705882352942,34,21,12,86,98,195,1,36,60,55,134,60,171,441,38.8,31.6,77.9,44.2,45.6,52.1,27.9,580,18.0,87,575,116.4,112.1,4.3,118.2,104.6,13.6,1.9,2.4,4.3,1.4,3.0,-1.7,2.2,0.6176470588235294,7,16.363636363636363,15.0
Jantunen M.,2024-2025,25,204,25.11764705882353,7.852941176470588,34,19,51,108,159,34,7,26,17,88,28,53,93,196,47.4,39.8,82.4,63.5,61.0,63.0,12.6,325,13.2,230,229,118.8,106.5,12.3,122.9,98.3,24.6,0.7,2.4,3.1,2.3,0.8,1.4,2.3,0.5588235294117647,2,5.533333333333333,6.9
Jones C.,2024-2025,27,183,27.12121212121212,14.333333333333334,33,16,15,89,104,179,4,31,60,58,103,30,170,365,46.6,32.6,88.0,51.3,50.7,56.9,25.9,579,20.3,96,476,117.7,115.3,2.4,126.7,106.8,19.9,2.2,1.5,3.7,0.6,2.6,-2.0,1.3,0.48484848484848486,0,9.45945945945946,13.7
Jones T.,2024-2025,28,206,22.741935483870968,11.612903225806452,31,16,85,104,189,32,21,34,52,76,92,0,134,213,62.9,0.0,66.2,62.9,62.9,65.9,22.7,501,23.2,121,325,121.4,111.7,9.7,120.2,99.0,21.2,0.9,1.8,2.7,2.8,0.6,2.2,1.9,0.5161290322580645,1,7.666666666666667,9.5
Kalaitzakis P.,2024-2025,26,200,7.6,1.72,25,17,9,12,21,10,1,8,10,26,8,3,16,38,42.1,20.0,66.7,56.5,46.1,50.0,13.6,26,7.9,28,53,123.2,105.6,17.6,87.0,100.1,-13.1,-0.2,0.5,0.3,-1.8,-2.7,0.9,0.0,0.68,1,1.0,3.9
Kalinic N.,2024-2025,33,202,26.88235294117647,8.705882352941176,34,18,41,98,139,87,6,28,57,76,52,38,103,203,50.7,42.7,68.4,57.0,60.1,62.4,15.6,383,13.4,-21,295,112.1,113.5,-1.4,113.0,105.1,7.9,0.5,1.8,2.3,2.5,0.2,2.3,2.3,0.5294117647058824,6,6.054054054054054,7.2
Kratzer L.,2024-2025,28,212,9.73913043478261,0.7391304347826086,23,13,24,35,59,5,5,7,17,61,3,0,7,21,33.3,0.0,60.0,33.3,33.3,36.2,8.7,8,2.6,-22,41,115.0,117.2,-2.2,79.5,104.9,-25.4,-0.4,0.5,0.1,-4.1,-7.5,3.4,-0.3,0.5652173913043478,1,0.4444444444444444,3.8
Larkin S.,2024-2025,32,180,24.818181818181817,11.045454545454545,22,14,7,46,53,99,1,24,35,20,34,43,83,195,42.6,38.1,87.2,48.8,53.6,57.3,21.6,327,17.1,123,247,124.6,113.1,11.5,127.3,105.7,21.6,1.4,1.4,2.8,2.3,3.3,-1.0,1.7,0.6363636363636364,5,15.25,10.8
Leday Z.,2024-2025,31,201,27.676470588235293,16.029411764705884,34,17,24,128,152,40,4,25,44,67,162,55,164,324,50.6,46.2,91.5,53.2,59.1,68.4,23.6,661,20.4,-37,443,117.8,118.1,-0.3,120.0,110.1,9.9,1.2,1.4,2.5,0.7,1.9,-1.2,1.4,0.5,4,13.133333333333333,13.6
Lessort M.,2024-2025,29,206,26.529411764705884,13.411764705882353,17,10,47,73,120,27,12,17,33,37,56,0,86,118,72.9,0.0,60.9,74.1,72.9,70.8,21.0,348,23.6,57,194,120.9,113.1,7.8,125.8,102.5,23.3,0.9,1.0,1.9,4.7,2.2,2.6,1.8,0.5882352941176471,2,7.857142857142857,9.2
Lighty D.,2024-2025,37,195,19.424242424242426,4.424242424242424,33,13,10,49,59,34,2,17,21,81,14,28,52,124,41.9,40.6,77.8,43.6,53.2,55.3,11.9,106,7.0,-37,153,110.4,112.4,-2.0,98.1,105.3,-7.2,-0.3,1.3,1.0,-2.3,-2.7,0.4,-0.1,0.3939393939393939,10,4.125,4.9
Llull S.,2024-2025,37,190,16.558823529411764,6.676470588235294,34,20,13,30,43,73,0,12,25,47,29,48,75,220,34.1,30.6,78.4,42.9,45.0,48.9,21.6,176,10.0,27,257,109.8,109.5,0.3,109.9,105.9,4.0,0.0,1.4,1.4,-2.4,-0.2,-2.2,-0.1,0.5882352941176471,10,3.4545454545454546,6.6
Lo M.,2024-2025,32,191,17.571428571428573,10.321428571428571,28,16,10,32,42,62,1,13,39,31,28,39,111,242,45.9,33.6,77.8,57.1,53.9,57.0,27.5,228,17.1,-147,293,112.6,125.8,-13.2,119.2,117.0,2.2,0.8,0.4,1.2,-2.2,1.0,-3.3,-0.1,0.5714285714285714,5,7.083333333333333,9.7
Loyd J.,2024-2025,31,193,22.423076923076923,10.461538461538462,26,14,18,66,84,49,4,20,30,77,55,39,89,191,46.6,39.8,88.7,53.8,56.8,62.0,20.6,274,14.1,115,250,124.4,114.7,9.7,120.0,105.8,14.2,0.5,1.4,1.9,0.8,0.5,0.3,1.1,0.5384615384615384,4,15.5,10.5
Lucic V.,2024-2025,36,204,24.928571428571427,7.142857142857143,14,8,13,54,67,21,0,14,13,24,29,9,31,70,44.3,25.7,85.3,62.9,50.7,61.0,12.9,161,12.8,-9,95,117.1,118.1,-1.0,116.9,107.4,9.5,0.3,0.7,1.0,0.3,-0.6,0.9,0.5,0.5714285714285714,9,8.21875,6.3
Lundberg I.,2024-2025,30,193,25.48,8.24,25,12,14,43,57,76,0,23,29,50,40,36,65,183,35.5,35.6,80.0,35.4,45.4,50.5,18.3,193,10.9,67,233,120.6,115.5,5.1,115.1,107.0,8.1,0.4,1.1,1.5,-1.4,-0.4,-1.0,0.2,0.48,3,11.0,7.0
Luwawu Cabarrot T.,2024-2025,30,198,24.884615384615383,9.961538461538462,26,10,28,54,82,53,4,20,52,63,39,34,93,237,39.2,33.7,84.8,43.4,46.4,50.5,23.2,190,10.3,-11,309,110.6,111.8,-1.2,97.3,104.6,-7.3,-0.6,1.3,0.7,-3.1,-2.4,-0.7,-0.4,0.38461538461538464,3,18.4,10.5
Malcolm C.,2024-2025,27,200,19.103448275862068,7.9655172413793105,29,17,17,54,71,36,4,12,21,38,35,30,83,184,45.1,33.0,79.5,57.0,53.3,56.9,18.9,220,13.1,-18,224,119.4,120.8,-1.4,113.4,111.5,1.9,0.2,0.9,1.1,-2.1,-1.1,-0.9,0.0,0.5862068965517241,0,6.756756756756757,7.7
Maledon T.,2024-2025,24,192,27.606060606060606,17.0,33,13,14,100,114,153,5,33,97,58,208,55,149,339,44.0,34.4,90.4,52.5,52.1,63.9,28.6,679,20.9,-68,536,113.7,118.0,-4.3,123.2,107.7,15.5,2.0,1.6,3.6,2.0,3.6,-1.6,2.0,0.3939393939393939,3,9.225806451612904,14.2
Mannion N.,2024-2025,24,188,22.0,8.518518518518519,27,15,4,35,39,107,1,20,61,68,41,29,80,177,45.2,33.0,82.0,57.3,53.4,58.1,21.8,211,11.4,55,259,120.8,116.4,4.4,112.5,110.4,2.1,0.4,0.8,1.2,-3.6,-0.6,-3.0,-0.5,0.5555555555555556,3,4.0476190476190474,7.8
Marinkovic V.,2024-2025,28,198,23.1,7.7,20,8,7,26,33,24,2,11,14,45,13,29,56,116,48.3,41.4,65.0,58.7,60.8,61.6,15.3,112,10.9,57,139,122.4,115.0,7.4,112.8,109.3,3.5,0.2,0.7,0.8,-0.7,-0.1,-0.6,0.3,0.4,1,5.947368421052632,6.6
Mc Cormack D.,2024-2025,25,208,19.045454545454547,10.454545454545455,22,3,44,82,126,15,3,22,43,65,50,0,90,148,60.8,0.0,72.5,61.6,60.8,64.2,24.6,272,19.3,-101,222,104.9,119.0,-14.1,102.6,104.2,-1.6,-0.2,0.9,0.7,-2.9,-3.2,0.3,-0.2,0.13636363636363635,2,6.962962962962963,9.0
McKissic S.,2024-2025,34,196,17.818181818181817,8.545454545454545,33,24,24,53,77,61,1,20,33,46,56,34,96,199,48.2,33.0,64.4,64.6,56.8,59.7,22.7,287,14.7,4,269,119.4,119.8,-0.4,118.2,110.0,8.2,0.4,1.0,1.4,0.4,0.9,-0.6,0.8,0.7272727272727273,7,3.857142857142857,7.6
Melli N.,2024-2025,34,205,17.235294117647058,4.911764705882353,34,23,45,92,137,40,14,18,24,92,13,28,63,128,49.2,38.9,59.1,62.5,60.2,60.5,13.5,228,13.5,71,162,119.9,112.0,7.9,122.1,101.5,20.6,0.4,1.5,2.0,3.1,0.1,3.0,1.9,0.6764705882352942,7,6.655172413793103,5.8
Mike I.,2024-2025,27,200,15.772727272727273,4.045454545454546,22,11,21,33,54,15,3,13,12,38,11,10,34,76,44.7,26.3,57.9,63.2,51.3,52.4,14.0,95,10.5,-22,97,113.9,115.6,-1.7,99.8,108.7,-8.9,-0.1,0.5,0.4,-1.1,-2.0,0.9,0.2,0.5,0,9.36111111111111,5.2
Miller McIntyre C.,2024-2025,31,191,24.970588235294116,10.176470588235293,34,18,22,81,103,152,0,19,73,76,29,39,139,318,43.7,31.5,72.5,51.5,49.8,51.8,23.4,326,12.7,2,407,115.0,115.5,-0.5,113.5,108.1,5.4,0.7,1.5,2.2,-1.1,-0.6,-0.5,0.4,0.5294117647058824,4,12.621621621621621,8.3
Milutinov N.,2024-2025,30,213,19.708333333333332,8.208333333333334,24,19,62,78,140,15,16,13,16,19,57,0,70,118,59.3,0.0,85.1,59.3,59.3,65.7,16.8,346,22.2,49,166,120.0,114.4,5.6,129.6,102.8,26.8,0.9,1.3,2.2,3.6,1.1,2.6,1.8,0.7916666666666666,3,10.5,6.9
Mirotic N.,2024-2025,34,208,27.466666666666665,17.7,30,15,53,139,192,59,10,30,56,53,150,61,160,337,47.5,38.9,89.3,55.0,56.5,65.2,27.2,659,23.7,120,463,122.2,115.5,6.7,119.9,106.3,13.6,1.2,1.5,2.7,3.2,3.6,-0.4,2.4,0.5,7,11.03225806451613,13.7
Mitoglou K.,2024-2025,29,210,15.548387096774194,5.935483870967742,31,20,29,62,91,19,3,13,20,56,20,20,72,144,50.0,41.7,66.7,54.2,56.9,59.4,18.0,178,13.3,70,175,126.8,120.9,5.9,108.0,111.9,-3.9,0.1,0.8,0.9,-0.7,-0.5,-0.2,0.4,0.6451612903225806,2,5.333333333333333,6.6
Moneke C.,2024-2025,29,198,28.21212121212121,14.0,33,13,71,129,200,76,9,29,61,60,126,38,149,301,49.5,29.5,81.3,64.5,55.8,62.7,22.0,615,19.8,-61,430,112.7,116.1,-3.4,123.0,106.5,16.5,1.5,1.7,3.1,3.1,2.5,0.6,2.6,0.3939393939393939,2,14.151515151515152,12.6
Morgan M.,2024-2025,27,188,18.58823529411765,7.823529411764706,34,9,8,51,59,87,1,18,34,67,74,36,78,208,37.5,27.1,92.5,56.0,46.2,55.2,20.9,260,13.2,-33,275,109.2,115.7,-6.5,112.3,107.0,5.3,0.3,1.1,1.5,-1.8,0.4,-2.1,0.1,0.2647058823529412,0,13.470588235294118,8.2
Motiejunas D.,2024-2025,34,213,14.827586206896552,6.413793103448276,29,19,35,56,91,27,8,10,26,57,25,9,76,132,57.6,47.4,54.3,59.3,61.0,60.8,20.2,218,16.2,16,179,120.8,119.2,1.6,107.8,109.4,-1.6,0.0,0.6,0.7,-0.2,-1.1,0.9,0.4,0.6551724137931034,7,6.148148148148148,6.5
Musa D.,2024-2025,26,203,22.275862068965516,12.724137931034482,29,19,16,68,84,63,5,12,51,36,93,40,118,247,47.8,38.8,80.2,54.2,55.9,62.5,24.5,375,16.8,73,346,117.9,111.9,6.0,115.7,106.1,9.6,0.5,1.4,1.9,-0.6,0.0,-0.6,0.6,0.6551724137931034,1,13.941176470588236,9.9
Ndiaye M.,2024-2025,26,204,19.571428571428573,7.214285714285714,14,7,10,31,41,11,8,9,15,28,12,13,38,72,52.8,40.6,66.7,62.5,61.8,63.9,16.8,100,13.3,-34,94,112.3,119.3,-7.0,101.3,106.8,-5.5,-0.1,0.5,0.4,0.1,-1.7,1.7,0.3,0.5,1,7.6875,7.1
Nedovic N.,2024-2025,34,191,18.384615384615383,9.038461538461538,26,15,13,25,38,76,2,12,34,49,34,45,78,183,42.6,39.8,81.0,47.1,54.9,59.0,23.5,216,15.2,97,233,118.6,110.8,7.8,117.0,105.4,11.6,0.5,0.9,1.4,0.3,2.0,-1.7,0.6,0.5769230769230769,7,6.5,7.7
Ntilikina F.,2024-2025,26,188,20.0,6.75,20,10,6,28,34,41,0,12,13,52,10,25,50,109,45.9,37.9,90.9,58.1,57.3,59.2,16.0,120,12.3,19,127,114.8,112.6,2.2,128.1,105.5,22.6,0.6,0.7,1.3,-0.5,0.8,-1.3,0.3,0.5,1,4.739130434782608,6.7
Nunn K.,2024-2025,29,189,31.25,21.1875,32,21,26,90,116,140,7,32,90,90,94,100,242,483,50.1,43.1,86.2,56.6,60.5,64.4,29.9,651,20.1,189,617,125.5,116.0,9.5,125.6,109.2,16.4,2.4,1.9,4.3,2.4,3.9,-1.4,2.9,0.65625,2,19.0,13.8
Nwora J.,2024-2025,26,203,18.15625,8.5625,32,18,22,92,114,26,6,18,47,41,32,40,101,229,44.1,36.4,86.5,51.3,52.8,56.1,24.5,247,13.2,-7,291,117.3,119.2,-1.9,95.9,110.3,-14.4,-0.7,0.9,0.2,-3.3,-2.7,-0.6,-0.4,0.5625,1,17.1875,8.3
Obst A.,2024-2025,28,191,24.147058823529413,10.470588235294118,34,19,13,52,65,53,0,19,40,73,20,98,119,280,42.5,42.6,74.1,42.0,60.0,61.6,19.2,249,11.3,-81,329,117.8,124.0,-6.2,113.4,117.2,-3.8,0.3,0.6,0.9,-1.6,0.9,-2.5,0.2,0.5588235294117647,1,14.764705882352942,10.2
Okobo E.,2024-2025,27,191,24.785714285714285,13.142857142857142,28,17,3,48,51,113,6,29,53,57,91,35,121,252,48.0,41.2,89.2,51.5,55.0,62.6,24.1,401,17.1,91,347,121.0,114.3,6.7,125.6,106.2,19.4,1.5,1.7,3.1,0.5,1.6,-1.0,1.2,0.6071428571428571,0,11.63888888888889,10.7
Osman C.,2024-2025,30,204,18.774193548387096,8.096774193548388,31,20,15,60,75,20,5,13,19,66,58,37,78,175,44.6,37.8,79.5,53.2,55.1,60.3,19.0,214,15.6,38,227,122.8,117.3,5.5,111.4,110.7,0.7,0.5,1.2,1.7,-0.5,0.7,-1.2,0.6,0.6451612903225806,3,13.125,7.9
Osmani E.,2024-2025,26,213,16.757575757575758,6.636363636363637,33,19,29,70,99,31,7,17,35,58,34,25,80,159,50.3,40.3,94.4,56.7,58.2,62.2,19.0,235,13.8,37,211,120.0,115.4,4.6,109.8,107.3,2.5,0.0,1.0,1.1,-0.3,-0.4,0.0,0.6,0.5757575757575758,1,10.86111111111111,6.9
Oturu D.,2024-2025,25,208,16.78125,8.8125,32,18,66,71,137,19,29,14,36,78,54,0,114,162,70.4,0.0,68.4,70.8,70.4,72.5,21.4,357,24.2,59,231,126.0,119.4,6.6,128.5,107.5,21.0,1.1,1.2,2.3,4.0,2.0,2.0,2.0,0.5625,2,13.378378378378379,7.9
Ouattara Y.,2024-2025,33,192,14.741935483870968,4.709677419354839,31,18,22,33,55,11,2,14,13,41,11,27,54,141,38.3,31.0,100.0,50.0,47.9,50.0,16.2,88,8.5,-22,159,116.3,116.0,0.3,97.8,108.6,-10.8,-0.4,0.8,0.5,-3.7,-3.1,-0.6,-0.5,0.5806451612903226,6,6.090909090909091,6.1
Pajola A.,2024-2025,25,194,23.6,5.466666666666667,30,8,9,63,72,123,4,35,38,82,19,31,57,141,40.4,34.8,79.2,50.0,51.4,53.6,13.4,218,11.2,-50,191,112.4,115.9,-3.5,110.9,104.5,6.4,0.2,1.4,1.6,-0.2,-0.7,0.5,0.7,0.26666666666666666,2,4.0,6.2
Papagiannis G.,2024-2025,27,217,16.321428571428573,6.928571428571429,28,16,29,65,94,15,38,14,17,63,18,8,84,140,60.0,32.0,90.0,66.1,62.9,65.1,17.8,234,20.5,47,166,115.8,110.9,4.9,114.2,99.1,15.1,0.3,1.2,1.5,4.8,-0.3,5.1,1.8,0.5714285714285714,0,2.2,7.2
Papanikolaou K.,2024-2025,34,204,18.87878787878788,4.9393939393939394,33,23,20,76,96,75,10,21,25,62,27,30,53,131,40.5,34.1,71.1,53.5,51.9,55.1,13.6,219,11.6,132,173,124.0,110.9,13.1,113.9,103.0,10.9,0.3,1.4,1.7,2.2,0.1,2.1,1.6,0.696969696969697,7,3.066666666666667,6.2
Parker J.,2024-2025,30,203,27.484848484848484,14.181818181818182,33,19,34,100,134,57,8,28,49,66,41,63,182,367,49.6,39.1,83.7,57.8,58.2,59.8,23.3,435,16.3,45,440,119.8,117.1,2.7,108.8,108.6,0.2,0.0,1.6,1.7,0.6,0.7,-0.1,1.5,0.5757575757575758,3,7.733333333333333,12.0
Parra J.,2024-2025,25,202,13.56,4.72,25,13,21,42,63,18,1,14,10,35,12,8,49,105,46.7,21.1,75.0,61.2,50.5,52.7,16.8,121,13.0,36,122,122.7,116.1,6.6,111.0,108.5,2.5,0.1,0.8,0.9,-0.2,-1.2,1.0,0.4,0.52,2,5.72972972972973,6.3
Peters A.,2024-2025,30,206,16.352941176470587,7.617647058823529,34,24,32,58,90,26,2,11,11,57,48,37,87,161,54.0,54.4,94.1,53.8,65.5,71.9,16.9,296,18.8,72,191,121.1,113.5,7.6,139.4,105.8,33.6,1.3,1.2,2.5,3.1,3.5,-0.3,1.9,0.7058823529411765,3,6.918918918918919,7.2
Petrusev F.,2024-2025,25,211,20.77777777777778,13.518518518518519,27,13,49,83,132,44,15,21,29,66,93,14,129,234,55.1,28.0,68.4,62.5,58.1,62.4,27.2,431,25.6,38,322,115.4,113.5,1.9,121.0,101.7,19.3,1.0,1.3,2.3,4.5,3.0,1.4,2.1,0.48148148148148145,2,11.621621621621621,10.4
Poirier V.,2024-2025,31,213,21.515151515151516,9.757575757575758,33,19,63,103,166,41,39,21,31,70,68,0,127,195,65.1,0.0,73.1,66.5,65.1,67.4,18.6,455,21.7,104,271,118.7,110.7,8.0,125.7,100.8,24.9,1.2,1.9,3.1,5.0,1.6,3.4,3.2,0.5757575757575758,4,8.0,8.4
Pokusevski A.,2024-2025,23,211,12.653846153846153,3.8076923076923075,26,12,17,39,56,32,26,16,13,55,9,12,39,85,45.9,30.0,69.2,60.0,52.9,55.0,15.7,125,16.2,16,103,118.0,113.6,4.4,114.9,99.3,15.6,0.2,0.8,1.0,4.0,-0.5,4.5,1.1,0.46153846153846156,4,3.5384615384615383,4.9
Punter K.,2024-2025,32,193,26.838709677419356,17.0,31,18,10,55,65,94,1,40,48,66,103,70,177,367,48.2,41.7,92.8,53.8,57.8,64.1,26.6,519,20.5,115,459,121.9,115.2,6.7,130.9,106.7,24.2,2.6,1.7,4.3,3.1,4.0,-0.9,2.7,0.5806451612903226,5,15.11111111111111,13.6
Randolph L.,2024-2025,32,195,27.727272727272727,12.0,33,10,41,85,126,58,0,20,39,71,86,32,139,304,45.7,39.0,91.5,48.2,51.0,57.2,19.6,401,13.9,-43,385,119.8,122.9,-3.1,119.8,114.9,4.9,1.0,0.9,1.9,-1.8,-0.4,-1.5,0.1,0.30303030303030304,5,2.142857142857143,10.5
Rathan Mayes X.,2024-2025,31,191,12.857142857142858,5.761904761904762,21,11,3,18,21,30,1,11,26,30,12,25,42,100,42.0,36.8,63.2,53.1,54.5,55.5,24.3,93,10.6,-7,135,116.3,117.9,-1.6,111.1,110.6,0.5,0.1,0.4,0.5,-2.9,-1.8,-1.1,-0.1,0.5238095238095238,4,7.258064516129032,6.9
Rayman W.,2024-2025,28,203,11.625,2.6875,32,10,41,61,102,5,4,6,6,80,30,8,24,60,40.0,40.0,75.0,40.0,46.7,53.8,10.5,108,10.5,-24,86,116.3,114.3,2.0,120.5,104.6,15.9,0.2,0.8,1.0,-3.3,-2.3,-1.0,-0.3,0.3125,1,3.108108108108108,3.9
Ricci G.,2024-2025,33,201,15.15625,3.5625,32,16,18,61,79,14,7,12,12,80,6,26,41,81,50.6,44.8,100.0,65.2,66.7,67.9,10.0,104,9.9,-22,96,118.3,116.3,2.0,119.0,108.0,11.0,0.2,0.8,1.0,0.7,-0.6,1.2,0.7,0.5,6,4.45945945945946,4.8
Rivero J.,2024-2025,31,206,22.05,10.2,20,7,35,52,87,26,9,16,22,40,28,2,87,148,58.8,18.2,58.3,62.0,59.5,60.7,20.3,247,18.1,-51,190,113.8,119.6,-5.8,114.6,107.3,7.3,0.3,0.8,1.1,0.3,0.1,0.3,0.6,0.35,4,5.571428571428571,8.0
Rogkavopoulos N.,2024-2025,24,201,18.78125,9.75,32,14,39,87,126,31,1,15,17,49,30,62,110,232,47.4,43.7,81.1,53.3,60.8,63.4,20.5,311,19.4,49,263,121.0,115.3,5.7,122.4,106.4,16.0,0.7,1.1,1.8,1.6,2.9,-1.3,1.2,0.4375,3,4.7407407407407405,8.6
Sako N.,2024-2025,26,210,21.96969696969697,9.0,33,13,90,113,203,27,16,26,29,94,45,0,126,185,68.1,0.0,57.0,68.1,68.1,68.0,16.7,411,20.2,-83,248,114.3,117.7,-3.4,128.0,105.4,22.6,1.1,1.4,2.5,2.3,0.5,1.8,1.7,0.3939393939393939,1,4.885714285714286,6.8
Samaric L.,2024-2025,25,208,15.266666666666667,9.066666666666666,15,6,19,29,48,16,7,7,18,18,20,10,53,111,47.7,33.3,69.0,53.1,52.3,55.1,28.4,129,19.1,-14,142,119.1,125.4,-6.3,106.2,114.4,-8.2,0.0,0.2,0.2,-2.2,-1.2,-1.0,0.0,0.4,2,7.0,7.6
Sanli S.,2024-2025,33,212,14.551724137931034,6.275862068965517,29,19,28,48,76,22,15,14,18,74,32,22,64,126,50.8,37.3,78.0,62.7,59.5,63.6,18.1,179,16.2,-10,161,110.5,113.0,-2.5,117.6,103.2,14.4,0.2,0.9,1.1,2.7,0.8,2.0,1.1,0.6551724137931034,6,2.4285714285714284,6.3
Satoransky T.,2024-2025,33,201,23.242424242424242,6.0,33,19,26,79,105,176,2,29,56,70,27,21,75,162,46.3,36.2,71.1,51.9,52.8,55.6,14.7,338,12.6,68,234,117.4,112.8,4.6,125.3,104.3,21.0,1.1,1.8,2.9,0.9,0.6,0.3,1.4,0.5757575757575758,6,7.176470588235294,6.4
Sedekerskis T.,2024-2025,27,200,24.52,7.36,25,10,35,84,119,42,5,8,23,20,26,20,69,126,54.8,44.4,74.3,60.5,62.7,64.6,13.3,288,14.1,-61,166,113.1,119.0,-5.9,119.8,110.3,9.5,0.5,0.9,1.3,0.9,0.2,0.7,1.0,0.4,0,8.0,6.6
Shengelia T.,2024-2025,33,203,27.357142857142858,15.571428571428571,28,6,43,96,139,75,10,19,71,70,117,25,147,308,47.7,36.2,82.4,51.0,51.8,58.5,28.1,486,18.1,-92,444,108.6,117.2,-8.6,107.2,106.6,0.6,0.1,1.4,1.4,-0.7,-0.4,-0.3,0.5,0.21428571428571427,6,12.67741935483871,13.5
Shields S.,2024-2025,31,201,27.535714285714285,11.964285714285714,28,13,16,84,100,73,1,19,43,41,56,43,118,243,48.6,42.2,72.7,53.2,57.4,60.6,20.6,372,14.7,-57,320,115.7,119.8,-4.1,115.8,113.3,2.5,0.6,0.9,1.5,-0.4,0.6,-1.0,0.7,0.4642857142857143,4,12.323529411764707,9.6
Shorts T.,2024-2025,27,175,27.12121212121212,18.696969696969695,33,19,17,73,90,247,2,35,71,74,134,27,228,457,49.9,41.5,73.2,51.3,52.8,57.8,31.9,762,24.8,174,605,117.8,109.4,8.4,133.9,101.6,32.3,4.2,2.2,6.4,3.2,6.7,-3.5,2.9,0.5757575757575758,0,7.75,14.9
Sirvydis D.,2024-2025,25,200,16.875,8.53125,32,15,22,66,88,25,3,16,36,50,47,54,86,205,42.0,38.3,69.1,50.0,55.1,58.7,24.3,225,15.0,-4,269,113.6,113.5,0.1,101.1,105.0,-3.9,-0.3,1.0,0.8,-1.0,-0.3,-0.6,0.3,0.46875,2,4.625,6.9
Sloukas K.,2024-2025,35,190,21.625,9.3125,32,20,9,53,62,159,3,29,51,55,85,47,83,198,41.9,38.2,93.4,48.0,53.8,63.1,20.1,405,17.7,93,288,123.6,119.5,4.1,135.6,111.6,24.0,2.4,1.1,3.5,1.8,3.8,-2.0,1.7,0.625,8,9.833333333333334,8.8
Smailagic A.,2024-2025,24,208,14.607142857142858,8.142857142857142,28,15,32,51,83,11,17,10,27,64,34,22,86,154,55.8,36.7,72.3,68.1,63.0,65.9,24.4,218,20.3,-31,200,113.4,116.0,-2.6,110.5,105.1,5.4,0.1,0.8,0.9,1.2,0.0,1.2,0.7,0.5357142857142857,3,7.466666666666667,7.3
Smits R.,2024-2025,30,207,18.151515151515152,7.0,33,19,22,64,86,28,3,8,33,73,44,25,81,150,54.0,36.8,86.3,68.3,62.3,67.5,16.6,229,12.9,23,204,119.3,114.7,4.6,115.7,108.8,6.9,0.4,1.2,1.6,0.5,0.6,-0.1,0.9,0.5757575757575758,3,6.852941176470588,7.0
Sorkin R.,2024-2025,28,208,23.393939393939394,12.93939393939394,33,11,56,79,135,35,16,18,50,81,72,31,162,318,50.9,34.1,84.7,57.7,55.8,60.3,24.7,394,17.6,-61,405,117.0,121.3,-4.3,109.8,111.4,-1.6,0.2,1.1,1.3,-1.4,0.2,-1.6,0.3,0.3333333333333333,1,13.594594594594595,10.6
Spagnolo M.,2024-2025,22,194,20.923076923076923,9.653846153846153,26,5,13,40,53,99,1,13,55,39,49,12,95,230,41.3,27.9,79.0,44.4,43.9,48.6,26.5,235,11.3,-161,313,106.0,122.9,-16.9,101.1,117.0,-15.9,-0.4,0.4,0.1,-7.3,-3.6,-3.6,-1.6,0.19230769230769232,5,5.5,10.0
Strazel M.,2024-2025,22,182,20.08823529411765,8.088235294117647,34,21,11,23,34,75,1,16,33,60,53,48,87,192,45.3,41.4,85.5,51.3,57.8,63.7,17.8,261,13.7,15,249,116.6,115.6,1.0,124.3,110.8,13.5,1.3,1.1,2.5,0.7,2.0,-1.4,1.2,0.6176470588235294,5,9.162162162162161,7.9
Tarpey T.,2024-2025,31,195,12.444444444444445,2.5,18,12,14,27,41,10,5,20,1,32,9,8,14,27,51.9,50.0,69.2,54.5,66.7,68.2,7.4,81,14.5,18,34,118.6,111.9,6.7,148.1,97.0,51.1,0.3,0.8,1.1,5.9,0.4,5.5,1.2,0.6666666666666666,4,1.65625,4.0
Tavares W.,2024-2025,33,220,23.852941176470587,10.558823529411764,34,20,94,149,243,39,45,22,70,100,61,0,149,198,75.3,0.0,70.9,75.3,75.3,76.9,17.9,559,20.1,192,304,119.6,107.3,12.3,123.5,96.1,27.4,1.0,2.5,3.5,4.8,0.1,4.7,3.5,0.5882352941176471,6,9.864864864864865,9.8
Thompson D.,2024-2025,30,193,26.757575757575758,9.545454545454545,33,19,20,43,63,156,16,30,40,68,39,46,115,230,50.0,41.4,79.6,58.0,60.0,62.7,16.2,397,15.9,86,291,120.8,114.5,6.3,136.8,108.0,28.8,2.1,1.7,3.7,2.7,3.3,-0.6,2.6,0.5757575757575758,3,9.486486486486486,9.1
Tonut S.,2024-2025,31,194,15.481481481481481,3.2222222222222223,27,12,11,41,52,31,2,9,8,31,5,14,34,67,50.7,45.2,55.6,55.6,61.2,61.3,9.4,121,10.1,2,79,121.4,117.6,3.8,129.7,110.3,19.4,0.4,0.6,1.0,-0.2,-0.6,0.3,0.4,0.4444444444444444,4,1.0,4.3
Ulanovas E.,2024-2025,33,198,22.303030303030305,6.515151515151516,33,15,33,57,90,60,2,16,31,88,67,26,61,138,44.2,39.4,82.7,48.6,53.6,63.2,13.8,267,11.6,-69,201,112.0,116.8,-4.8,126.8,108.3,18.5,0.9,1.2,2.0,1.1,0.0,1.1,1.3,0.45454545454545453,6,5.27027027027027,5.4
Vesely J.,2024-2025,35,213,21.90909090909091,9.363636363636363,22,12,25,58,83,43,11,25,19,52,27,7,86,150,57.3,50.0,75.0,58.1,59.7,61.7,19.5,268,18.1,35,186,117.8,113.8,4.0,116.5,102.1,14.4,0.3,1.1,1.4,3.8,1.1,2.8,1.6,0.5454545454545454,8,8.6,7.2
Vezenkov S.,2024-2025,29,206,30.375,20.15625,32,23,60,152,212,56,7,26,36,38,149,58,219,395,55.4,38.7,90.3,65.7,62.8,69.5,24.7,783,25.5,211,500,125.0,113.8,11.2,130.2,105.4,24.8,2.4,2.3,4.7,5.5,5.0,0.5,4.8,0.71875,2,19.424242424242426,14.5
Vildoza L.,2024-2025,29,191,17.88888888888889,5.2592592592592595,27,19,3,41,44,71,3,20,25,54,12,32,49,113,43.4,41.0,80.0,48.6,57.5,59.2,14.5,158,10.5,19,145,120.9,117.9,3.0,122.4,109.1,13.3,0.4,0.9,1.3,0.3,-0.2,0.4,0.7,0.7037037037037037,2,7.580645161290323,6.7
Voigtmann J.,2024-2025,32,214,23.970588235294116,6.735294117647059,34,19,41,132,173,82,7,19,49,57,20,37,86,186,46.2,34.9,69.0,61.3,56.2,57.8,14.5,327,11.5,-2,247,119.8,121.5,-1.7,109.2,112.2,-3.0,0.1,1.0,1.1,-0.5,-1.0,0.5,0.7,0.5588235294117647,5,3.772727272727273,7.1
Walker L.,2024-2025,26,196,22.31578947368421,13.631578947368421,19,6,6,54,60,35,3,18,36,31,48,39,86,222,38.7,33.1,85.7,45.2,47.5,52.9,32.8,214,16.1,-60,281,107.4,116.8,-9.4,102.3,106.2,-3.9,-0.2,0.8,0.5,-1.7,-0.7,-1.0,0.1,0.3157894736842105,1,14.851851851851851,11.4
Walkup T.,2024-2025,32,193,21.3,4.65,20,14,9,39,48,92,3,22,35,56,8,15,35,74,47.3,39.5,88.9,55.6,57.4,59.6,12.9,159,10.8,91,113,123.7,112.3,11.4,128.0,102.9,25.1,0.7,1.1,1.8,0.2,-0.6,0.8,0.6,0.7,5,5.0,6.4
Ward T.,2024-2025,27,198,26.0,10.911764705882353,34,19,38,132,170,47,6,33,32,89,51,58,131,302,43.4,33.1,73.9,57.5,53.0,55.9,19.5,378,14.7,140,364,118.6,111.5,7.1,106.1,100.6,5.5,0.0,2.3,2.3,0.5,-0.1,0.6,1.4,0.5588235294117647,0,7.290322580645161,9.8
Washigton D.,2024-2025,25,188,14.833333333333334,7.722222222222222,18,7,1,18,19,32,0,8,17,30,32,11,48,121,39.7,23.9,82.1,49.3,44.2,50.4,29.0,107,13.1,37,155,117.1,109.2,7.9,107.9,103.3,4.6,0.0,0.6,0.6,-6.1,-2.0,-4.1,-0.6,0.3888888888888889,2,14.91304347826087,7.7
Weiler Babb N.,2024-2025,29,196,26.40625,8.1875,32,19,37,96,133,158,2,50,54,78,23,55,92,191,48.2,43.0,74.2,58.7,62.6,63.7,14.8,412,16.6,140,260,124.1,116.1,8.0,140.0,105.0,35.0,2.4,1.7,4.1,4.2,3.7,0.5,3.1,0.59375,2,7.861111111111111,7.9
Williams Goss N.,2024-2025,30,192,22.466666666666665,8.4,30,23,6,55,61,111,1,23,54,77,65,19,84,189,44.4,33.9,84.4,48.9,49.5,56.8,19.9,260,11.8,106,276,120.9,112.4,8.5,116.9,105.6,11.3,0.5,1.5,2.1,-1.5,-1.2,-0.3,0.2,0.7666666666666667,3,11.615384615384615,8.3
Williams T.,2024-2025,24,208,21.6875,10.625,16,3,38,73,111,49,9,10,45,54,24,12,67,143,46.9,27.9,63.2,55.0,51.0,53.1,26.8,183,16.2,-116,205,106.3,124.0,-17.7,100.4,111.6,-11.2,-0.3,0.5,0.2,-1.3,-1.7,0.4,0.1,0.1875,3,8.875,9.4
Willis D.,2024-2025,30,206,11.857142857142858,3.238095238095238,21,10,20,34,54,7,7,10,8,18,12,8,24,57,42.1,29.6,70.6,53.3,49.1,52.3,13.9,101,12.1,40,73,119.9,109.7,10.2,104.6,99.6,5.0,-0.1,0.7,0.7,-0.4,-1.4,1.0,0.3,0.47619047619047616,3,5.888888888888889,4.2
Wright M.,2024-2025,26,206,13.066666666666666,5.333333333333333,15,10,11,30,41,9,7,9,15,23,19,1,30,59,50.8,16.7,65.5,54.7,51.7,55.6,21.9,92,15.3,4,87,112.7,110.6,2.1,89.3,95.9,-6.6,-0.3,0.6,0.4,-2.2,-4.0,1.8,0.0,0.6666666666666666,1,12.81081081081081,8.2
Yurtseven O.,2024-2025,27,208,13.666666666666666,8.0,24,15,38,51,89,13,19,5,29,40,25,3,82,131,62.6,42.9,69.4,63.7,63.7,65.8,26.2,219,21.8,13,175,118.6,115.4,3.2,109.3,105.6,3.7,0.1,0.8,0.9,0.5,-0.2,0.8,0.6,0.625,0,6.2631578947368425,7.6
Zagars A.,2024-2025,25,190,14.954545454545455,5.863636363636363,22,16,8,17,25,51,1,9,29,44,39,22,34,96,35.4,32.4,75.0,42.9,46.9,53.8,21.6,128,10.7,18,149,113.0,109.7,3.3,109.6,105.8,3.8,0.1,0.6,0.7,-2.2,0.1,-2.3,0.0,0.7272727272727273,2,3.4,7.2
