PLAYER_ID,PLAYER_NAME,TEAM_ID,TEAM_ABBREVIATION,AGE,PLAYER_HEIGHT,PLAYER_HEIGHT_INCHES,PLAYER_WEIGHT,COLLEGE,COUNTRY,DRAFT_YEAR,DRAFT_ROUND,DRAFT_NUMBER,GP,PTS,REB,AST,NET_RATING,OREB_PCT,DREB_PCT,USG_PCT,TS_PCT,AST_PCT,_season
2062,A.J. Guyton,1610612741,CHI,24.0,6-1,73.0,180,Indiana,USA,2000,2,32,45,5.4,1.0,1.8,-3.9,0.019,0.057,0.217,0.477,0.248,2001-02
243,Aaron McKie,1610612755,PHI,29.0,6-5,77.0,209,Temple,USA,1994,1,17,48,12.2,4.0,3.7,3.5,0.018,0.112,0.196,0.54,0.22,2001-02
1425,Aaron Williams,1610612751,NJN,30.0,6-9,81.0,240,Xavier,USA,Undrafted,Undrafted,Undrafted,82,7.2,4.1,0.9,4.7,0.077,0.142,0.177,0.568,0.084,2001-02
1502,Adonal Foyle,1610612744,GSW,27.0,6-10,82.0,265,Colgate,St. Vincent & Grenadines,1997,1,8,79,4.8,4.9,0.5,-6.8,0.091,0.153,0.143,0.445,0.044,2001-02
1559,Adrian Griffin,1610612742,DAL,27.0,6-5,77.0,215,Seton Hall,USA,Undrafted,Undrafted,Undrafted,58,7.2,3.9,1.8,6.1,0.051,0.116,0.134,0.545,0.108,2001-02
1733,Al Harrington,1610612754,IND,22.0,6-9,81.0,250,None,USA,1998,1,25,44,13.1,6.3,1.2,-1.6,0.074,0.134,0.215,0.526,0.073,2001-02
673,Alan Henderson,1610612737,ATL,29.0,6-9,81.0,240,Indiana,USA,1995,1,16,26,5.5,3.7,0.4,2.8,0.076,0.151,0.167,0.527,0.043,2001-02
275,Allan Houston,1610612752,NYK,31.0,6-6,78.0,200,Tennessee,USA,1993,1,11,77,20.4,3.3,2.5,-5.9,0.013,0.076,0.252,0.54,0.123,2001-02
947,Allen Iverson,1610612755,PHI,27.0,6-0,72.0,165,Georgetown,USA,1996,1,1,60,31.4,4.5,5.5,5.5,0.017,0.084,0.365,0.489,0.266,2001-02
297,Alonzo Mourning,1610612748,MIA,32.0,6-10,82.0,261,Georgetown,USA,1992,1,2,75,15.7,8.4,1.2,2.0,0.08,0.185,0.24,0.558,0.067,2001-02
2228,Alton Ford,1610612756,PHX,21.0,6-9,81.0,275,Houston,USA,2001,2,50,53,3.1,2.0,0.1,-10.6,0.071,0.168,0.167,0.573,0.027,2001-02
2264,Alvin Jones,1610612755,PHI,23.0,6-11,83.0,265,Georgia Tech,USA,2001,2,56,23,1.1,1.6,0.1,-4.4,0.112,0.207,0.138,0.451,0.036,2001-02
1541,Alvin Williams,1610612761,TOR,27.0,6-5,77.0,185,Villanova,USA,1997,2,47,82,11.8,3.4,5.7,-0.5,0.019,0.077,0.181,0.47,0.262,2001-02
1043,Amal McCaskill,1610612759,SAS,28.0,6-11,83.0,245,Marquette,USA,1996,2,49,27,1.9,1.3,0.1,-18.0,0.099,0.118,0.207,0.43,0.051,2001-02
1889,Andre Miller,1610612739,CLE,26.0,6-2,74.0,200,Utah,USA,1999,1,8,81,16.5,4.7,10.9,-1.9,0.037,0.092,0.225,0.538,0.484,2001-02
1905,Andrei Kirilenko,1610612762,UTA,21.0,6-9,81.0,210,None,Russia,1999,1,24,82,10.7,4.9,1.1,8.1,0.073,0.127,0.188,0.553,0.073,2001-02
692,Andrew DeClercq,1610612753,ORL,29.0,6-10,82.0,255,Florida,USA,1995,2,34,61,2.7,2.7,0.4,-0.2,0.111,0.146,0.14,0.474,0.055,2001-02
358,Anfernee Hardaway,1610612756,PHX,30.0,6-7,79.0,215,Memphis State,USA,1993,1,3,80,12.0,4.4,4.1,-1.2,0.039,0.104,0.214,0.472,0.211,2001-02
1738,Ansu Sesay,1610612760,SEA,25.0,6-9,81.0,225,Mississippi,USA,1998,2,30,9,6.4,2.2,0.9,-10.6,0.055,0.104,0.18,0.549,0.091,2001-02
1712,Antawn Jamison,1610612744,GSW,26.0,6-9,81.0,223,North Carolina,USA,1998,1,4,82,19.7,6.8,2.0,-6.1,0.063,0.11,0.234,0.516,0.093,2001-02
1853,Anthony Carter,1610612748,MIA,27.0,6-2,74.0,195,Hawaii,USA,Undrafted,Undrafted,Undrafted,46,4.3,2.5,4.7,-9.2,0.019,0.096,0.156,0.359,0.347,2001-02
1533,Anthony Johnson,1610612751,NJN,27.0,6-3,75.0,190,College of Charleston,USA,1997,2,39,34,2.8,0.9,1.4,2.9,0.029,0.055,0.153,0.465,0.223,2001-02
193,Anthony Mason,1610612749,MIL,35.0,6-8,80.0,255,Tennessee State,USA,1988,3,53,82,9.6,7.9,4.2,-0.1,0.043,0.164,0.126,0.544,0.162,2001-02
324,Anthony Peeler,1610612750,MIN,32.0,6-4,76.0,208,Missouri,USA,1992,1,15,82,9.0,2.5,2.2,0.0,0.018,0.083,0.17,0.519,0.135,2001-02
952,Antoine Walker,1610612738,BOS,25.0,6-9,81.0,245,Kentucky,USA,1996,1,6,81,22.1,8.8,5.0,3.1,0.043,0.165,0.275,0.49,0.224,2001-02
1498,Antonio Daniels,1610612759,SAS,27.0,6-4,76.0,205,Bowling Green,USA,1997,1,4,82,9.2,2.1,2.8,6.4,0.011,0.068,0.162,0.534,0.176,2001-02
213,Antonio Davis,1610612761,TOR,33.0,6-9,81.0,230,Texas-El Paso,USA,1990,2,45,77,14.5,9.6,2.0,0.3,0.084,0.167,0.195,0.497,0.087,2001-02
176,Antonio Harvey,1610612760,SEA,31.0,,, ,Pfeiffer,USA,Undrafted,Undrafted,Undrafted,5,1.8,1.8,1.0,-13.0,0.098,0.074,0.148,0.349,0.143,2001-02
686,Antonio McDyess,1610612743,DEN,27.0,6-9,81.0,245,Alabama,USA,1995,1,2,10,11.3,5.5,1.8,-14.3,0.084,0.191,0.208,0.631,0.136,2001-02
2238,Antonis Fotsis,1610612763,MEM,21.0,6-10,82.0,219,None,Greece,2001,2,47,28,3.9,2.2,0.4,-5.7,0.08,0.11,0.184,0.479,0.057,2001-02
1609,Art Long,1610612760,SEA,29.0,6-9,81.0,253,Cincinnati,USA,Undrafted,Undrafted,Undrafted,63,4.5,4.0,0.7,0.1,0.114,0.154,0.161,0.506,0.063,2001-02
1506,Austin Croshere,1610612754,IND,27.0,6-10,82.0,242,Providence,USA,1997,1,12,76,6.8,3.9,1.0,1.1,0.058,0.169,0.194,0.518,0.104,2001-02
422,Avery Johnson,1610612742,DAL,37.0,5-11,71.0,180,Southern,USA,Undrafted,Undrafted,Undrafted,68,7.9,1.0,4.2,-5.6,0.01,0.041,0.196,0.531,0.356,2001-02
1884,Baron Davis,1610612766,CHH,23.0,6-3,75.0,223,UCLA,USA,1999,1,3,82,18.1,4.3,8.5,2.3,0.028,0.078,0.234,0.498,0.364,2001-02
1112,Ben Wallace,1610612765,DET,27.0,6-9,81.0,240,Virginia Union,USA,Undrafted,Undrafted,Undrafted,80,7.6,13.0,1.4,3.0,0.115,0.257,0.104,0.522,0.062,2001-02
902,Bimbo Coles,1610612739,CLE,34.0,6-2,74.0,182,Virginia Tech,USA,1990,2,40,47,3.2,1.2,2.3,-15.6,0.018,0.066,0.128,0.459,0.269,2001-02
448,Bo Outlaw,1610612756,PHX,31.0,6-8,80.0,210,Houston,USA,Undrafted,Undrafted,Undrafted,83,4.5,4.4,1.5,2.2,0.078,0.111,0.101,0.547,0.097,2001-02
682,Bob Sura,1610612744,GSW,29.0,6-5,77.0,200,Florida State,USA,1995,1,17,78,10.0,3.3,3.5,-4.8,0.047,0.094,0.206,0.53,0.263,2001-02
1517,Bobby Jackson,1610612758,SAC,29.0,6-1,73.0,185,Minnesota,USA,1997,1,23,81,11.1,3.1,2.0,9.0,0.044,0.093,0.228,0.537,0.157,2001-02
2250,Bobby Simmons,1610612764,WAS,22.0,6-6,78.0,235,DePaul,USA,2001,2,41,30,3.7,1.7,0.6,0.8,0.075,0.085,0.16,0.518,0.085,2001-02
1719,Bonzi Wells,1610612757,POR,25.0,6-5,77.0,213,Ball State,USA,1998,1,11,74,17.0,6.0,2.8,4.3,0.054,0.145,0.26,0.538,0.152,2001-02
1802,Brad Miller,1610612754,IND,26.0,7-0,84.0,261,Purdue,USA,Undrafted,Undrafted,Undrafted,76,13.6,8.2,2.0,-3.9,0.111,0.17,0.202,0.572,0.124,2001-02
2220,Brandon Armstrong,1610612751,NJN,22.0,6-5,77.0,188,Pepperdine,USA,2001,1,23,35,1.8,0.5,0.2,-10.1,0.045,0.03,0.216,0.358,0.079,2001-02
2217,Brendan Haywood,1610612764,WAS,22.0,7-0,84.0,266,North Carolina,USA,2001,1,20,62,5.1,5.2,0.5,-2.0,0.111,0.137,0.124,0.54,0.038,2001-02
699,Brent Barry,1610612760,SEA,30.0,6-6,78.0,203,Oregon State,USA,1995,1,15,81,14.4,5.4,5.3,3.7,0.02,0.13,0.157,0.652,0.209,2001-02
85,Brent Price,1610612758,SAC,33.0,6-1,73.0,185,Oklahoma,USA,1992,2,32,20,1.6,0.4,0.5,-20.1,0.037,0.035,0.178,0.474,0.164,2001-02
1510,Brevin Knight,1610612763,MEM,26.0,5-10,70.0,170,Stanford,USA,1997,1,16,53,7.0,2.1,5.7,-6.1,0.01,0.087,0.191,0.482,0.447,2001-02
2073,Brian Cardinal,1610612765,DET,25.0,6-8,80.0,245,Purdue,USA,2000,2,44,8,2.1,0.8,0.3,17.3,0.0,0.085,0.147,0.612,0.069,2001-02
258,Brian Grant,1610612748,MIA,30.0,6-9,81.0,254,Xavier,USA,1994,1,8,72,9.3,8.0,1.9,-1.0,0.081,0.189,0.166,0.508,0.103,2001-02
2243,Brian Scalabrine,1610612751,NJN,24.0,6-9,81.0,240,Southern California,USA,2001,2,34,28,2.1,1.8,0.8,1.9,0.041,0.147,0.149,0.408,0.113,2001-02
216,Brian Shaw,1610612747,LAL,36.0,6-6,78.0,200,California-Santa Barbara,USA,1988,1,24,58,2.9,1.9,1.5,8.3,0.028,0.143,0.15,0.458,0.207,2001-02
1730,Brian Skinner,1610612739,CLE,26.0,6-9,81.0,265,Baylor,USA,1998,1,22,65,3.4,4.3,0.3,-1.1,0.089,0.167,0.098,0.569,0.024,2001-02
1477,Bruce Bowen,1610612759,SAS,31.0,6-7,79.0,200,California State-Fullerton,USA,Undrafted,Undrafted,Undrafted,59,7.0,2.7,1.5,9.8,0.027,0.07,0.139,0.468,0.079,2001-02
1743,Bruno Sundov,1610612754,IND,22.0,7-2,86.0,246,None,Croatia,1998,2,35,22,1.5,1.0,0.1,1.6,0.074,0.165,0.214,0.391,0.058,2001-02
179,Bryant Stith,1610612739,CLE,31.0,6-5,77.0,210,Virginia,USA,1992,1,13,50,4.2,1.7,0.8,-9.2,0.03,0.101,0.163,0.493,0.112,2001-02
1724,Bryce Drew,1610612766,CHH,27.0,6-3,75.0,184,Valparaiso,USA,1998,1,16,61,3.4,1.2,1.7,1.8,0.019,0.075,0.13,0.539,0.209,2001-02
935,Bryon Russell,1610612762,UTA,31.0,6-7,79.0,225,Long Beach State,USA,1993,2,45,66,9.6,4.5,2.1,4.6,0.042,0.12,0.169,0.493,0.111,2001-02
1898,Cal Bowdler,1610612737,ATL,25.0,6-10,82.0,253,Old Dominion,USA,1999,1,17,52,3.1,2.1,0.2,0.4,0.067,0.126,0.156,0.416,0.03,2001-02
384,Calbert Cheaney,1610612743,DEN,30.0,6-7,79.0,217,Indiana,USA,1993,1,6,68,7.3,3.5,1.6,-10.0,0.034,0.116,0.155,0.499,0.112,2001-02
1916,Calvin Booth,1610612760,SEA,26.0,6-11,83.0,231,Penn State,USA,1999,2,35,15,6.2,3.6,1.1,-8.2,0.071,0.122,0.177,0.502,0.092,2001-02
2306,Carlos Arroyo,1610612743,DEN,22.0,6-2,74.0,202,Florida International,Puerto Rico,Undrafted,Undrafted,Undrafted,37,3.0,1.1,1.9,-5.0,0.03,0.078,0.165,0.467,0.323,2001-02
435,Carlos Rogers,1610612754,IND,31.0,6-11,83.0,232,Tennessee State,USA,1994,1,11,22,2.7,1.7,0.1,-4.4,0.086,0.14,0.156,0.574,0.03,2001-02
1538,Cedric Henderson,1610612744,GSW,27.0,6-7,79.0,225,Memphis,USA,1997,2,44,12,3.0,0.3,0.3,13.1,0.012,0.028,0.236,0.528,0.1,2001-02
891,Charles Oakley,1610612741,CHI,38.0,6-9,81.0,245,Virginia Union,USA,1985,1,9,57,3.8,6.0,2.0,-12.3,0.052,0.212,0.122,0.392,0.134,2001-02
1520,Charles Smith,1610612759,SAS,26.0,6-4,76.0,194,New Mexico,USA,1997,1,26,60,7.4,2.2,1.3,-1.5,0.03,0.087,0.201,0.483,0.121,2001-02
2294,Charlie Bell,1610612742,DAL,23.0,6-3,75.0,200,Michigan State,USA,Undrafted,Undrafted,Undrafted,7,1.1,0.7,0.3,-25.4,0.053,0.0,0.172,0.337,0.074,2001-02
369,Charlie Ward,1610612752,NYK,31.0,6-2,74.0,185,Florida State,USA,1994,1,26,63,5.2,2.0,3.2,-0.1,0.014,0.104,0.177,0.496,0.339,2001-02
1497,Chauncey Billups,1610612750,MIN,25.0,6-3,75.0,202,Colorado,USA,1997,1,3,82,12.5,2.8,5.5,3.4,0.015,0.083,0.202,0.555,0.296,2001-02
685,Cherokee Parks,1610612759,SAS,29.0,6-11,83.0,240,Duke,USA,1995,1,12,42,1.5,1.4,0.2,-15.5,0.096,0.152,0.175,0.364,0.07,2001-02
2365,Chris Andersen,1610612743,DEN,23.0,6-10,82.0,230,Blinn J.C.,USA,Undrafted,Undrafted,Undrafted,24,3.0,3.2,0.3,7.4,0.132,0.137,0.161,0.417,0.039,2001-02
164,Chris Childs,1610612761,TOR,34.0,6-3,75.0,195,Boise State,USA,Undrafted,Undrafted,Undrafted,69,4.1,2.2,5.1,-1.0,0.011,0.09,0.13,0.435,0.352,2001-02
1544,Chris Crawford,1610612737,ATL,27.0,6-9,81.0,235,Marquette,USA,1997,2,50,7,7.6,3.6,0.7,-13.0,0.061,0.124,0.204,0.514,0.071,2001-02
201,Chris Dudley,1610612757,POR,37.0,6-11,83.0,260,Yale,USA,1987,4,75,43,1.1,1.9,0.3,2.6,0.081,0.167,0.094,0.424,0.058,2001-02
423,Chris Gatling,1610612748,MIA,34.0,,, ,Old Dominion,USA,1991,1,16,54,6.4,3.8,0.5,-3.7,0.088,0.174,0.231,0.501,0.061,2001-02
2036,Chris Mihm,1610612739,CLE,22.0,7-0,84.0,265,Texas,USA,2000,1,7,74,7.7,5.3,0.3,-6.7,0.082,0.158,0.195,0.47,0.025,2001-02
168,Chris Mills,1610612744,GSW,32.0,6-7,79.0,220,Arizona,USA,1993,1,22,66,7.4,2.9,1.1,-5.3,0.039,0.118,0.179,0.516,0.099,2001-02
185,Chris Webber,1610612758,SAC,29.0,6-10,82.0,245,Michigan,USA,1993,1,1,54,24.5,10.1,4.8,9.9,0.073,0.182,0.288,0.54,0.21,2001-02
43,Chris Whitney,1610612764,WAS,30.0,6-0,72.0,175,Clemson,USA,1993,2,47,82,10.2,1.9,3.8,-1.2,0.005,0.07,0.167,0.568,0.229,2001-02
363,Christian Laettner,1610612764,WAS,32.0,6-11,83.0,245,Duke,USA,1992,1,3,57,7.1,5.3,2.6,-4.6,0.053,0.165,0.151,0.511,0.166,2001-02
1088,Chucky Atkins,1610612765,DET,27.0,5-11,71.0,160,South Florida,USA,Undrafted,Undrafted,Undrafted,79,12.1,2.0,3.3,0.9,0.014,0.058,0.196,0.568,0.204,2001-02
359,Chucky Brown,1610612758,SAC,34.0,6-8,80.0,220,North Carolina State,USA,1989,2,43,18,1.2,1.8,0.3,-10.8,0.091,0.195,0.14,0.377,0.094,2001-02
221,Clar. Weatherspoon,1610612752,NYK,31.0,6-7,79.0,270,Southern Mississippi,USA,1992,1,9,56,8.8,8.2,1.1,-5.5,0.087,0.188,0.151,0.478,0.058,2001-02
361,Clifford Robinson,1610612765,DET,35.0,6-10,82.0,225,Connecticut,USA,1989,2,36,80,14.6,4.8,2.5,2.2,0.029,0.111,0.213,0.503,0.125,2001-02
1894,Corey Maggette,1610612746,LAC,22.0,6-6,78.0,228,Duke,USA,1999,1,13,63,11.4,3.7,1.8,-2.7,0.034,0.109,0.21,0.56,0.114,2001-02
916,Corie Blount,1610612755,PHI,33.0,6-10,82.0,242,Cincinnati,USA,1993,1,25,72,3.6,5.1,0.6,-3.9,0.103,0.16,0.1,0.478,0.051,2001-02
722,Corliss Williamson,1610612765,DET,28.0,6-7,79.0,245,Arkansas,USA,1995,1,13,78,13.6,4.1,1.2,4.5,0.075,0.121,0.289,0.567,0.113,2001-02
2042,Courtney Alexander,1610612764,WAS,25.0,6-6,78.0,205,Fresno State,USA,2000,1,13,56,9.8,2.6,1.5,-6.2,0.033,0.083,0.201,0.521,0.114,2001-02
1749,Cuttino Mobley,1610612745,HOU,26.0,6-4,76.0,210,Rhode Island,USA,1998,2,41,74,21.7,4.1,2.5,-3.5,0.021,0.078,0.245,0.537,0.112,2001-02
905,Dale Davis,1610612757,POR,33.0,6-11,83.0,252,Clemson,USA,1991,1,13,78,9.5,8.8,1.2,5.6,0.11,0.181,0.137,0.551,0.06,2001-02
2053,Dalibor Bagaric,1610612741,CHI,21.0,7-1,85.0,270,None,Croatia,2000,1,24,50,3.7,3.2,0.5,-9.7,0.087,0.177,0.184,0.443,0.059,2001-02
1800,Damon Jones,1610612765,DET,25.0,6-3,75.0,185,Houston,USA,Undrafted,Undrafted,Undrafted,67,5.1,1.5,2.1,4.9,0.013,0.081,0.156,0.548,0.21,2001-02
757,Damon Stoudamire,1610612757,POR,28.0,5-10,70.0,171,Arizona,USA,1995,1,7,75,13.5,3.9,6.5,4.1,0.029,0.08,0.184,0.506,0.28,2001-02
2245,Damone Brown,1610612755,PHI,23.0,6-8,80.0,202,Syracuse,USA,2001,2,36,17,1.4,0.2,0.1,-9.2,0.033,0.034,0.206,0.469,0.051,2001-02
2061,Dan Langhi,1610612745,HOU,24.0,6-11,83.0,220,Vanderbilt,USA,2000,2,31,34,3.1,2.0,0.4,-18.9,0.047,0.113,0.144,0.412,0.058,2001-02
105,Dan Majerle,1610612756,PHX,36.0,6-6,78.0,222,Central Michigan,USA,1988,1,14,65,4.6,2.7,1.4,3.1,0.023,0.123,0.127,0.49,0.112,2001-02
344,Dana Barros,1610612765,DET,35.0,5-11,71.0,165,Boston College,USA,1989,1,16,29,6.7,2.0,2.7,0.3,0.002,0.097,0.186,0.473,0.221,2001-02
2091,Daniel Santiago,1610612756,PHX,26.0,7-1,85.0,256,St. Vincent,Puerto Rico,Undrafted,Undrafted,Undrafted,3,2.7,2.3,0.7,-12.5,0.0,0.269,0.185,0.5,0.2,2001-02
198,Danny Ferry,1610612759,SAS,35.0,6-10,82.0,235,Duke,USA,1989,1,2,50,4.6,1.8,1.0,7.0,0.02,0.088,0.12,0.594,0.099,2001-02
1504,Danny Fortson,1610612744,GSW,26.0,6-8,80.0,260,Cincinnati,USA,1997,1,10,77,11.2,11.7,1.6,-4.7,0.117,0.268,0.186,0.504,0.089,2001-02
330,Danny Manning,1610612742,DAL,36.0,6-10,82.0,234,Kansas,USA,1988,1,1,41,4.0,2.6,0.7,-2.6,0.046,0.141,0.153,0.505,0.084,2001-02
2032,Darius Miles,1610612746,LAC,20.0,6-9,81.0,210,None,USA,2000,1,3,82,9.5,5.5,2.2,0.4,0.049,0.151,0.183,0.516,0.137,2001-02
353,Darrell Armstrong,1610612753,ORL,34.0,6-1,73.0,180,Fayetteville State,USA,Undrafted,Undrafted,Undrafted,82,12.4,3.9,5.5,3.6,0.029,0.087,0.172,0.553,0.249,2001-02
239,Darrick Martin,1610612742,DAL,31.0,5-11,71.0,170,UCLA,USA,Undrafted,Undrafted,Undrafted,3,0.3,0.3,1.0,-48.5,0.0,0.0,0.231,0.046,0.25,2001-02
1032,Darvin Ham,1610612749,MIL,28.0,6-7,79.0,230,Texas Tech,USA,Undrafted,Undrafted,Undrafted,70,4.3,2.9,1.0,0.3,0.078,0.089,0.128,0.571,0.094,2001-02
764,David Robinson,1610612759,SAS,36.0,7-1,85.0,250,Navy,USA,1987,1,1,78,12.2,8.3,1.2,9.9,0.09,0.196,0.193,0.562,0.068,2001-02
133,David Wesley,1610612766,CHH,31.0,6-1,73.0,203,Baylor,USA,Undrafted,Undrafted,Undrafted,67,14.2,2.1,3.5,-1.2,0.017,0.039,0.2,0.479,0.163,2001-02
2205,DeSagana Diop,1610612739,CLE,20.0,7-0,84.0,300,None,Senegal,2001,1,8,18,1.4,0.9,0.3,-2.3,0.05,0.104,0.173,0.401,0.069,2001-02
2052,DeShawn Stevenson,1610612762,UTA,21.0,6-5,77.0,210,None,USA,2000,1,23,67,4.9,2.0,1.7,-5.8,0.04,0.083,0.182,0.412,0.171,2001-02
1051,Dean Garrett,1610612744,GSW,35.0,6-11,83.0,250,Indiana,USA,1988,2,38,34,1.1,1.7,0.1,2.1,0.074,0.194,0.147,0.32,0.038,2001-02
2352,Dean Oliver,1610612744,GSW,23.0,5-11,71.0,175,Iowa,USA,Undrafted,Undrafted,Undrafted,20,2.1,0.4,1.1,-12.2,0.0,0.058,0.18,0.42,0.25,2001-02
244,Dee Brown,1610612753,ORL,33.0,,, ,Jacksonville,USA,1990,1,19,7,1.0,1.3,0.3,0.5,0.0,0.123,0.16,0.175,0.043,2001-02
209,Dell Curry,1610612761,TOR,38.0,6-5,77.0,205,Virginia Tech,USA,1986,1,15,56,6.4,1.4,1.1,0.2,0.025,0.07,0.203,0.495,0.12,2001-02
2035,DerMarr Johnson,1610612737,ATL,22.0,6-9,81.0,201,Cincinnati,USA,2000,1,6,72,8.4,3.4,1.1,-2.0,0.034,0.113,0.176,0.513,0.076,2001-02
1507,Derek Anderson,1610612757,POR,27.0,6-5,77.0,195,Kentucky,USA,1997,1,13,70,10.8,2.7,3.1,5.3,0.026,0.081,0.19,0.537,0.188,2001-02
965,Derek Fisher,1610612747,LAL,27.0,6-1,73.0,200,Arkansas-Little Rock,USA,1996,1,24,70,11.2,2.1,2.6,9.8,0.007,0.064,0.173,0.55,0.137,2001-02
934,Derrick Coleman,1610612755,PHI,35.0,6-10,82.0,270,Syracuse,USA,1990,1,1,58,15.1,8.8,1.7,2.7,0.085,0.167,0.21,0.524,0.084,2001-02
1760,Derrick Dial,1610612761,TOR,26.0,6-4,76.0,184,Eastern Michigan,USA,1998,2,52,32,3.2,1.8,1.1,5.0,0.044,0.143,0.217,0.387,0.211,2001-02
365,Derrick McKey,1610612755,PHI,35.0,6-10,82.0,241,Alabama,USA,1987,1,9,41,2.9,3.1,1.1,0.1,0.065,0.108,0.088,0.464,0.093,2001-02
2046,Desmond Mason,1610612760,SEA,24.0,6-5,77.0,222,Oklahoma State,USA,2000,1,17,75,12.4,4.7,1.4,5.3,0.041,0.109,0.185,0.533,0.068,2001-02
1904,Devean George,1610612747,LAL,24.0,6-8,80.0,220,Augsburg,USA,1999,1,23,82,7.1,3.7,1.4,11.9,0.043,0.119,0.161,0.502,0.097,2001-02
54,Dickey Simpkins,1610612737,ATL,30.0,,, ,Providence,USA,1994,1,21,1,0.0,0.0,1.0,-28.6,0.0,0.0,0.0,0.0,0.5,2001-02
87,Dikembe Mutombo,1610612755,PHI,36.0,7-2,86.0,265,Georgetown,Democratic Republic of the Congo,1991,1,4,80,11.5,10.8,1.0,5.1,0.092,0.207,0.152,0.574,0.048,2001-02
1901,Dion Glover,1610612737,ATL,23.0,6-5,77.0,228,Georgia Tech,USA,1999,1,20,55,8.9,3.1,1.5,-10.8,0.032,0.116,0.221,0.491,0.127,2001-02
1717,Dirk Nowitzki,1610612742,DAL,24.0,7-0,84.0,245,None,Germany,1998,1,9,76,23.4,9.9,2.4,6.9,0.043,0.219,0.25,0.599,0.105,2001-02
690,Don Reid,1610612753,ORL,28.0,6-8,80.0,250,Georgetown,USA,1995,2,58,68,3.3,2.6,0.4,-1.6,0.085,0.148,0.161,0.509,0.061,2001-02
2051,Donnell Harvey,1610612743,DEN,21.0,6-8,80.0,220,Florida,USA,2000,1,22,47,5.7,4.8,0.8,0.7,0.093,0.175,0.151,0.526,0.073,2001-02
681,Donny Marshall,1610612751,NJN,29.0,6-7,79.0,230,Connecticut,USA,1995,2,39,20,1.5,1.1,0.3,-6.5,0.058,0.1,0.146,0.406,0.078,2001-02
923,Donyell Marshall,1610612762,UTA,29.0,6-9,81.0,230,Connecticut,USA,1994,1,4,58,14.8,7.6,1.7,-6.2,0.095,0.173,0.223,0.565,0.111,2001-02
57,Doug Christie,1610612758,SAC,32.0,6-6,78.0,205,Pepperdine,USA,1992,1,17,81,12.0,4.6,4.2,8.9,0.026,0.103,0.153,0.578,0.169,2001-02
77,Doug Overton,1610612746,LAC,32.0,6-3,75.0,190,La Salle,USA,1991,2,40,18,2.2,0.7,0.7,-1.9,0.008,0.088,0.195,0.414,0.167,2001-02
1863,Earl Boykins,1610612746,LAC,26.0,5-5,65.0,133,Eastern Michigan,USA,Undrafted,Undrafted,Undrafted,68,4.1,0.8,2.1,-0.1,0.034,0.036,0.196,0.464,0.309,2001-02
2248,Earl Watson,1610612760,SEA,23.0,6-1,73.0,190,UCLA,USA,2001,2,39,64,3.6,1.3,2.0,2.9,0.036,0.057,0.133,0.507,0.196,2001-02
2109,Eddie Gill,1610612763,MEM,23.0,6-0,72.0,190,Weber State,USA,Undrafted,Undrafted,Undrafted,23,5.0,1.2,2.1,-19.3,0.018,0.06,0.172,0.531,0.262,2001-02
2204,Eddie Griffin,1610612745,HOU,20.0,6-10,82.0,220,Seton Hall,USA,2001,1,7,73,8.8,5.7,0.7,-4.6,0.06,0.156,0.18,0.456,0.049,2001-02
2067,Eddie House,1610612748,MIA,24.0,6-1,73.0,180,Arizona State,USA,2000,2,37,64,8.0,1.7,1.9,-2.3,0.014,0.08,0.233,0.471,0.186,2001-02
224,Eddie Jones,1610612748,MIA,30.0,6-6,78.0,200,Temple,USA,1994,1,10,81,18.3,4.7,3.2,1.3,0.02,0.102,0.221,0.546,0.152,2001-02
1944,Eddie Robinson,1610612741,CHI,26.0,6-9,81.0,205,Central Oklahoma,USA,Undrafted,Undrafted,Undrafted,29,9.0,2.7,1.3,-10.0,0.037,0.092,0.21,0.489,0.097,2001-02
2201,Eddy Curry,1610612741,CHI,19.0,6-11,83.0,285,None,USA,2001,1,4,72,6.7,3.8,0.3,-10.6,0.101,0.143,0.204,0.54,0.039,2001-02
2059,Eduardo Najera,1610612742,DAL,25.0,6-8,80.0,234,Oklahoma,Mexico,2000,2,38,62,6.5,5.5,0.6,12.9,0.111,0.142,0.129,0.548,0.039,2001-02
922,Elden Campbell,1610612766,CHH,33.0,7-0,84.0,279,Clemson,USA,1990,1,27,77,13.9,6.9,1.3,0.8,0.062,0.188,0.234,0.558,0.084,2001-02
695,Eldridge Recasner,1610612746,LAC,34.0,,, ,Washington,USA,1992,,,6,0.8,0.0,0.8,2.8,0.0,0.0,0.097,0.388,0.313,2001-02
386,Elliot Perry,1610612763,MEM,33.0,,, ,Memphis,USA,1991,2,37,2,5.5,2.0,3.5,-40.2,0.0,0.108,0.173,0.506,0.389,2001-02
1882,Elton Brand,1610612746,LAC,23.0,6-8,80.0,265,Duke,USA,1999,1,1,80,18.2,11.6,2.4,0.2,0.134,0.176,0.209,0.586,0.109,2001-02
1023,Emanual Davis,1610612737,ATL,33.0,6-5,77.0,195,Delaware State,USA,Undrafted,Undrafted,Undrafted,28,6.6,2.6,2.4,-9.5,0.024,0.071,0.147,0.449,0.145,2001-02
376,Eric Montross,1610612761,TOR,30.0,7-0,84.0,270,North Carolina,USA,1994,1,9,49,2.4,2.9,0.3,-9.4,0.054,0.169,0.119,0.398,0.039,2001-02
15,Eric Piatkowski,1610612746,LAC,31.0,6-6,78.0,215,Nebraska,USA,1994,1,15,71,8.8,2.6,1.6,-1.8,0.025,0.083,0.146,0.601,0.101,2001-02
727,Eric Snow,1610612755,PHI,29.0,6-3,75.0,204,Michigan State,USA,1995,2,43,61,12.1,3.5,6.6,4.9,0.016,0.081,0.176,0.51,0.301,2001-02
677,Eric Williams,1610612738,BOS,29.0,6-8,80.0,220,Providence,USA,1995,1,14,74,6.4,3.0,1.5,4.4,0.032,0.092,0.146,0.49,0.099,2001-02
2057,Erick Barkley,1610612757,POR,24.0,6-1,73.0,177,St. John's (NY),USA,2000,1,28,19,3.1,0.9,1.8,1.8,0.022,0.058,0.169,0.401,0.238,2001-02
956,Erick Dampier,1610612744,GSW,26.0,6-11,83.0,265,Mississippi State,USA,1996,1,10,73,7.6,5.3,1.2,-6.7,0.091,0.124,0.175,0.484,0.078,2001-02
1065,Erick Strickland,1610612738,BOS,28.0,6-3,75.0,218,Nebraska,USA,Undrafted,Undrafted,Undrafted,79,7.7,2.7,2.3,-2.1,0.013,0.115,0.175,0.545,0.198,2001-02
2081,Ernest Brown,1610612748,MIA,23.0,7-0,84.0,244,Indian Hills C.C.,USA,2000,2,52,3,1.0,2.0,0.0,-55.1,0.042,0.0,0.224,0.193,0.0,2001-02
911,Ervin Johnson,1610612749,MIL,34.0,6-11,83.0,255,New Orleans,USA,1993,1,23,81,2.6,5.8,0.3,-0.5,0.092,0.194,0.077,0.468,0.024,2001-02
2041,Etan Thomas,1610612764,WAS,24.0,6-10,82.0,260,Syracuse,USA,2000,1,12,47,4.3,3.9,0.1,1.3,0.089,0.206,0.15,0.553,0.015,2001-02
1915,Evan Eschmeyer,1610612742,DAL,27.0,6-11,83.0,255,Northwestern,USA,1999,2,34,31,2.0,3.2,0.3,2.3,0.113,0.198,0.118,0.48,0.043,2001-02
1732,Felipe Lopez,1610612750,MIN,27.0,6-5,77.0,195,St. John's (NY),Dominican Republic,1998,1,24,67,2.5,1.2,0.6,-3.6,0.05,0.088,0.165,0.469,0.108,2001-02
280,Felton Spencer,1610612752,NYK,34.0,7-0,84.0,290,Louisville,USA,1990,1,6,32,0.9,1.6,0.1,-1.9,0.065,0.134,0.099,0.358,0.019,2001-02
697,Fred Hoiberg,1610612741,CHI,29.0,6-5,77.0,210,Iowa State,USA,1995,2,52,79,4.4,2.7,1.7,-6.6,0.013,0.143,0.116,0.519,0.158,2001-02
56,Gary Payton,1610612760,SEA,33.0,6-4,76.0,180,Oregon State,USA,1990,1,2,82,22.1,4.8,9.0,3.2,0.025,0.097,0.266,0.526,0.391,2001-02
718,Gary Trent,1610612750,MIN,27.0,6-8,80.0,250,Ohio,USA,1995,1,11,64,7.5,4.2,0.9,-3.1,0.093,0.149,0.197,0.538,0.087,2001-02
248,George Lynch,1610612766,CHH,31.0,6-8,80.0,228,North Carolina,USA,1993,1,12,45,3.8,4.1,1.2,-0.8,0.075,0.13,0.128,0.399,0.1,2001-02
45,George McCloud,1610612743,DEN,35.0,6-8,80.0,225,Florida State,USA,1989,1,7,69,8.8,3.6,3.0,-9.7,0.034,0.106,0.187,0.466,0.187,2001-02
2222,Gerald Wallace,1610612758,SAC,19.0,6-7,79.0,215,Alabama,USA,2001,1,25,54,3.2,1.6,0.5,-0.1,0.1,0.077,0.197,0.443,0.094,2001-02
2240,Gilbert Arenas,1610612744,GSW,20.0,6-3,75.0,191,Arizona,USA,2001,2,30,47,10.9,2.8,3.7,-5.3,0.032,0.075,0.193,0.562,0.241,2001-02
779,Glen Rice,1610612745,HOU,35.0,6-8,80.0,220,Michigan,USA,1989,1,4,20,8.6,2.4,1.6,-2.0,0.009,0.074,0.156,0.477,0.084,2001-02
299,Glenn Robinson,1610612749,MIL,29.0,6-7,79.0,230,Purdue,USA,1994,1,1,66,20.7,6.2,2.5,-1.6,0.033,0.142,0.283,0.537,0.13,2001-02
255,Grant Hill,1610612753,ORL,29.0,6-8,80.0,225,Duke,USA,1994,1,3,14,16.8,8.9,4.6,0.8,0.051,0.18,0.223,0.51,0.206,2001-02
3,Grant Long,1610612763,MEM,36.0,6-9,81.0,250,Eastern Michigan,USA,1988,2,33,66,6.3,3.5,2.1,-10.1,0.017,0.106,0.132,0.475,0.117,2001-02
21,Greg Anthony,1610612749,MIL,34.0,6-1,73.0,180,UNLV,USA,1991,1,12,60,7.9,2.2,4.7,-8.8,0.015,0.075,0.182,0.46,0.31,2001-02
1761,Greg Buckner,1610612742,DAL,25.0,6-4,76.0,210,Clemson,USA,1998,2,53,44,5.8,3.9,1.1,1.7,0.077,0.122,0.125,0.566,0.077,2001-02
323,Greg Foster,1610612749,MIL,33.0,,, ,Texas-El Paso,USA,1990,2,35,6,1.2,1.3,0.2,-16.3,0.0,0.32,0.186,0.325,0.083,2001-02
731,Greg Ostertag,1610612762,UTA,29.0,7-2,86.0,280,Kansas,USA,1995,1,28,74,3.3,4.2,0.7,3.2,0.123,0.172,0.124,0.474,0.068,2001-02
165,Hakeem Olajuwon,1610612761,TOR,39.0,7-0,84.0,255,Houston,Nigeria,1984,1,1,61,7.1,6.0,1.1,1.2,0.07,0.197,0.182,0.478,0.076,2001-02
2069,Hanno Mottola,1610612737,ATL,25.0,6-11,83.0,247,Utah,Finland,2000,2,40,82,4.8,3.3,0.6,-5.3,0.061,0.144,0.159,0.474,0.06,2001-02
1942,Harold Jamison,1610612746,LAC,25.0,6-9,81.0,269,Clemson,USA,Undrafted,Undrafted,Undrafted,25,2.2,1.6,0.2,-0.8,0.121,0.089,0.128,0.544,0.051,2001-02
2045,Hedo Turkoglu,1610612758,SAC,23.0,6-8,80.0,220,None,Turkey,2000,1,16,80,10.1,4.5,2.0,10.7,0.031,0.145,0.191,0.514,0.126,2001-02
270,Horace Grant,1610612753,ORL,36.0,6-10,82.0,245,Clemson,USA,1987,1,10,76,8.0,6.3,1.4,5.2,0.072,0.147,0.124,0.539,0.069,2001-02
458,Howard Eisley,1610612752,NYK,29.0,6-2,74.0,180,Boston College,USA,1994,2,30,39,4.4,1.3,2.6,-0.4,0.016,0.064,0.191,0.435,0.292,2001-02
93,Hubert Davis,1610612764,WAS,32.0,6-5,77.0,183,North Carolina,USA,1992,1,20,51,7.2,1.5,2.1,-2.4,0.006,0.057,0.14,0.544,0.144,2001-02
1134,Ike Austin,1610612763,MEM,32.0,6-10,82.0,288,Arizona State,USA,1991,2,48,21,3.6,3.4,0.6,-15.4,0.035,0.2,0.152,0.405,0.072,2001-02
1829,Ike Fontaine,1610612763,MEM,27.0,,, ,Washington State,USA,Undrafted,Undrafted,Undrafted,6,1.8,0.8,0.7,-37.5,0.0,0.077,0.117,0.331,0.093,2001-02
1085,Ira Bowman,1610612755,PHI,29.0,,, ,Pennsylvania,USA,Undrafted,Undrafted,Undrafted,3,3.3,0.3,0.3,-4.1,0.0,0.0,0.115,0.714,0.063,2001-02
1956,Ira Newble,1610612737,ATL,27.0,6-7,79.0,215,Miami (Ohio),USA,Undrafted,Undrafted,Undrafted,42,8.0,5.3,1.1,0.2,0.064,0.112,0.124,0.56,0.055,2001-02
375,Isaiah Rider,1610612743,DEN,31.0,,, ,UNLV,USA,1993,1,5,10,9.3,3.3,1.2,9.3,0.06,0.129,0.264,0.526,0.12,2001-02
2074,Jabari Smith,1610612755,PHI,25.0,6-11,83.0,250,Louisiana State,USA,2000,2,45,23,3.2,1.2,0.5,3.1,0.043,0.094,0.183,0.474,0.095,2001-02
1521,Jacque Vaughn,1610612737,ATL,27.0,6-1,73.0,190,Kansas,USA,1997,1,27,82,6.6,2.0,4.3,-7.0,0.01,0.085,0.148,0.547,0.316,2001-02
1751,Jahidi White,1610612764,WAS,26.0,6-9,81.0,290,Georgetown,USA,1998,2,43,71,5.4,6.3,0.2,-3.4,0.12,0.228,0.14,0.552,0.019,2001-02
2054,Jake Tsakalidis,1610612756,PHX,23.0,7-2,86.0,285,None,Greece,2000,1,25,67,7.3,5.6,0.3,1.7,0.081,0.153,0.154,0.522,0.022,2001-02
2063,Jake Voskuhl,1610612756,PHX,24.0,6-11,83.0,245,Connecticut,USA,2000,2,33,59,5.0,4.2,0.3,-4.7,0.113,0.167,0.143,0.614,0.031,2001-02
147,Jalen Rose,1610612741,CHI,29.0,6-8,80.0,217,Michigan,USA,1994,1,13,83,20.4,4.5,4.3,-2.0,0.014,0.104,0.257,0.528,0.203,2001-02
2048,Jamaal Magloire,1610612766,CHH,24.0,6-11,83.0,259,Kentucky,Canada,2000,1,19,82,8.5,5.6,0.4,4.9,0.1,0.193,0.196,0.623,0.035,2001-02
2224,Jamaal Tinsley,1610612754,IND,24.0,6-3,75.0,195,Iowa State,USA,2001,1,27,80,9.4,3.7,8.1,1.1,0.032,0.088,0.201,0.446,0.409,2001-02
2037,Jamal Crawford,1610612741,CHI,22.0,6-5,77.0,175,Michigan,USA,2000,1,8,23,9.3,1.5,2.4,-12.7,0.011,0.063,0.214,0.555,0.204,2001-02
469,Jamal Mashburn,1610612766,CHH,29.0,6-8,80.0,247,Kentucky,USA,1993,1,4,40,21.5,6.1,4.3,1.6,0.02,0.13,0.272,0.505,0.202,2001-02
1899,James Posey,1610612743,DEN,25.0,6-8,80.0,215,Xavier,USA,1999,1,18,73,10.7,5.9,2.5,-5.0,0.045,0.153,0.187,0.474,0.129,2001-02
2249,Jamison Brewer,1610612754,IND,21.0,6-2,74.0,178,Auburn,USA,2001,2,40,13,0.3,0.6,0.7,5.8,0.039,0.122,0.08,0.4,0.321,2001-02
1114,Jaren Jackson,1610612753,ORL,34.0,6-6,78.0,225,Georgetown,USA,Undrafted,Undrafted,Undrafted,9,4.3,1.9,0.9,-16.0,0.007,0.115,0.139,0.503,0.09,2001-02
2260,Jarron Collins,1610612762,UTA,23.0,6-11,83.0,252,Stanford,USA,2001,2,52,70,6.4,4.2,0.8,2.3,0.1,0.124,0.15,0.532,0.065,2001-02
679,Jason Caffey,1610612749,MIL,29.0,6-8,80.0,256,Alabama,USA,1995,1,20,23,4.3,2.2,0.5,-3.4,0.083,0.083,0.178,0.544,0.073,2001-02
2044,Jason Collier,1610612745,HOU,24.0,7-0,84.0,260,Georgia Tech,USA,2000,1,15,25,4.2,3.3,0.4,-15.7,0.078,0.153,0.148,0.486,0.042,2001-02
2215,Jason Collins,1610612751,NJN,23.0,7-0,84.0,260,Stanford,USA,2001,1,18,77,4.5,3.9,1.1,4.0,0.093,0.123,0.136,0.5,0.094,2001-02
2078,Jason Hart,1610612759,SAS,24.0,6-2,74.0,181,Syracuse,USA,2000,2,49,10,2.6,1.3,1.2,-2.1,0.053,0.105,0.152,0.601,0.231,2001-02
467,Jason Kidd,1610612751,NJN,29.0,6-4,76.0,212,California,USA,1994,1,2,82,14.7,7.3,9.9,5.5,0.042,0.148,0.217,0.484,0.407,2001-02
2202,Jason Richardson,1610612744,GSW,21.0,6-6,78.0,220,Michigan State,USA,2001,1,5,80,14.4,4.3,3.0,-5.1,0.043,0.08,0.211,0.487,0.149,2001-02
1891,Jason Terry,1610612737,ATL,24.0,6-2,74.0,176,Arizona,USA,1999,1,10,78,19.3,3.5,5.7,-3.3,0.014,0.079,0.231,0.549,0.261,2001-02
1715,Jason Williams,1610612763,MEM,26.0,6-1,73.0,190,Florida,USA,1998,1,7,65,14.8,3.0,8.0,-7.7,0.01,0.077,0.244,0.466,0.393,2001-02
1902,Jeff Foster,1610612754,IND,25.0,6-11,83.0,242,Southwest Texas State,USA,1999,1,21,82,5.7,6.8,0.9,-0.4,0.116,0.191,0.139,0.493,0.062,2001-02
976,Jeff McInnis,1610612746,LAC,27.0,6-4,76.0,179,North Carolina,USA,1996,2,37,81,14.6,2.6,6.2,-1.4,0.015,0.055,0.2,0.486,0.277,2001-02
2244,Jeff Trepagnier,1610612739,CLE,22.0,6-4,76.0,200,Southern California,USA,2001,2,35,12,1.5,1.0,1.0,9.1,0.038,0.108,0.201,0.345,0.255,2001-02
1741,Jelani McCoy,1610612747,LAL,24.0,6-10,82.0,245,UCLA,USA,1998,2,33,21,1.2,1.2,0.3,-17.3,0.079,0.156,0.142,0.53,0.109,2001-02
1983,Jermaine Jackson,1610612761,TOR,26.0,6-5,77.0,204,Detroit,USA,Undrafted,Undrafted,Undrafted,24,2.4,1.1,2.4,-4.5,0.011,0.09,0.111,0.542,0.328,2001-02
979,Jermaine O'Neal,1610612754,IND,23.0,6-11,83.0,242,None,USA,1996,1,17,72,19.0,10.5,1.6,1.8,0.073,0.2,0.249,0.521,0.079,2001-02
1744,Jerome James,1610612760,SEA,26.0,7-1,85.0,272,Florida A&M,USA,1998,2,36,56,5.3,4.1,0.4,10.7,0.103,0.147,0.182,0.498,0.036,2001-02
2040,Jerome Moiso,1610612766,CHH,24.0,6-10,82.0,232,UCLA,France,2000,1,11,15,1.1,1.7,0.3,3.9,0.051,0.269,0.163,0.4,0.085,2001-02
966,Jerome Williams,1610612761,TOR,29.0,6-9,81.0,206,Georgetown,USA,1996,1,26,68,7.6,5.7,1.1,2.6,0.099,0.142,0.149,0.542,0.074,2001-02
711,Jerry Stackhouse,1610612765,DET,27.0,6-6,78.0,218,North Carolina,USA,1995,1,3,76,21.4,4.1,5.3,1.9,0.03,0.09,0.314,0.518,0.288,2001-02
2219,Jeryl Sasser,1610612753,ORL,23.0,6-6,78.0,200,Southern Methodist,USA,2001,1,22,7,1.4,1.0,0.3,-19.9,0.083,0.0,0.22,0.309,0.087,2001-02
754,Jim Jackson,1610612748,MIA,31.0,6-6,78.0,220,Ohio State,USA,1992,1,4,55,10.7,5.3,2.5,0.0,0.031,0.132,0.174,0.511,0.134,2001-02
2343,Joe Crispin,1610612756,PHX,22.0,6-0,72.0,185,Penn State,USA,Undrafted,Undrafted,Undrafted,21,3.8,0.5,1.2,-4.2,0.012,0.058,0.233,0.536,0.277,2001-02
2207,Joe Johnson,1610612756,PHX,21.0,6-7,79.0,225,Arkansas,USA,2001,1,10,77,7.5,3.3,2.3,-0.2,0.038,0.094,0.16,0.478,0.151,2001-02
693,Joe Smith,1610612750,MIN,26.0,6-10,82.0,225,Maryland,USA,1995,1,1,72,10.7,6.3,1.1,9.5,0.084,0.156,0.176,0.571,0.063,2001-02
2038,Joel Przybilla,1610612749,MIL,22.0,7-1,85.0,255,Minnesota,USA,2000,1,9,71,2.7,4.0,0.3,-1.5,0.072,0.174,0.091,0.523,0.026,2001-02
680,John Amaechi,1610612762,UTA,31.0,6-10,82.0,270,Penn State,United Kingdom,Undrafted,Undrafted,Undrafted,54,3.2,2.0,0.5,-11.5,0.089,0.106,0.2,0.412,0.091,2001-02
180,John Crotty,1610612762,UTA,32.0,,, ,Virginia,USA,Undrafted,Undrafted,Undrafted,41,6.9,1.8,3.4,2.6,0.021,0.074,0.158,0.599,0.313,2001-02
317,John Starks,1610612762,UTA,36.0,6-5,77.0,190,Oklahoma State,USA,Undrafted,Undrafted,Undrafted,66,4.4,1.0,1.1,-1.2,0.016,0.061,0.179,0.442,0.132,2001-02
304,John Stockton,1610612762,UTA,40.0,6-1,73.0,175,Gonzaga,USA,1984,1,16,82,13.4,3.2,8.2,3.6,0.025,0.088,0.189,0.601,0.442,2001-02
961,John Wallace,1610612756,PHX,28.0,6-9,81.0,225,Syracuse,USA,1996,1,18,46,5.0,1.8,0.6,-6.6,0.056,0.122,0.233,0.493,0.099,2001-02
271,Johnny Newman,1610612742,DAL,38.0,6-7,79.0,210,Richmond,USA,1986,2,29,47,4.2,1.0,0.3,0.7,0.013,0.053,0.119,0.571,0.028,2001-02
468,Jon Barry,1610612765,DET,32.0,6-5,77.0,210,Georgia Tech,USA,1992,1,21,82,9.0,2.9,3.3,3.8,0.023,0.099,0.157,0.644,0.233,2001-02
1886,Jonathan Bender,1610612754,IND,21.0,7-0,84.0,219,None,USA,1999,1,5,78,7.4,3.1,0.8,-1.2,0.04,0.105,0.175,0.538,0.064,2001-02
2218,Joseph Forte,1610612738,BOS,21.0,6-4,76.0,194,North Carolina,USA,2001,1,21,8,0.8,0.8,0.8,-19.0,0.023,0.132,0.189,0.218,0.273,2001-02
146,Jud Buechler,1610612753,ORL,34.0,6-6,78.0,228,Arizona,USA,1990,2,38,66,1.7,1.8,0.5,-7.8,0.041,0.132,0.085,0.463,0.069,2001-02
1908,Jumaine Jones,1610612739,CLE,23.0,6-8,80.0,218,Georgia,USA,1999,1,27,81,8.3,6.0,1.4,-2.3,0.061,0.176,0.16,0.501,0.085,2001-02
436,Juwan Howard,1610612743,DEN,29.0,6-9,81.0,250,Michigan,USA,1994,1,5,81,14.6,7.6,2.1,-2.1,0.085,0.151,0.223,0.513,0.109,2001-02
252,Karl Malone,1610612762,UTA,38.0,6-9,81.0,256,Louisiana Tech,USA,1985,1,13,80,22.4,8.6,4.3,0.7,0.05,0.193,0.285,0.532,0.216,2001-02
2208,Kedrick Brown,1610612738,BOS,21.0,6-7,79.0,222,Northwest Florida State,USA,2001,1,11,29,2.2,1.7,0.5,0.5,0.042,0.152,0.155,0.4,0.102,2001-02
1496,Keith Van Horn,1610612751,NJN,26.0,6-10,82.0,255,Utah,USA,1997,1,2,81,14.8,7.5,2.0,4.7,0.055,0.188,0.235,0.51,0.11,2001-02
1509,Kelvin Cato,1610612745,HOU,27.0,6-11,83.0,255,Iowa State,USA,1997,1,15,75,6.6,7.0,0.4,-3.9,0.094,0.189,0.112,0.599,0.024,2001-02
383,Kendall Gill,1610612748,MIA,34.0,6-5,77.0,215,Illinois,USA,1990,1,5,65,5.7,2.8,1.5,-2.7,0.022,0.111,0.169,0.414,0.118,2001-02
72,Kenny Anderson,1610612738,BOS,31.0,6-1,73.0,168,Georgia Tech,USA,1991,1,2,76,9.6,3.6,5.3,5.4,0.023,0.089,0.164,0.472,0.267,2001-02
2261,Kenny Satterfield,1610612743,DEN,21.0,6-1,73.0,176,Cincinnati,USA,2001,2,53,36,5.3,1.4,3.0,-4.8,0.029,0.07,0.214,0.431,0.335,2001-02
1903,Kenny Thomas,1610612745,HOU,24.0,6-7,79.0,245,New Mexico,USA,1999,1,22,72,14.1,7.2,1.9,-6.0,0.065,0.151,0.21,0.52,0.101,2001-02
2030,Kenyon Martin,1610612751,NJN,24.0,6-9,81.0,234,Cincinnati,USA,2000,1,1,73,14.9,5.3,2.6,6.4,0.045,0.107,0.22,0.503,0.123,2001-02
1721,Keon Clark,1610612761,TOR,27.0,6-11,83.0,221,UNLV,USA,1998,1,13,81,11.3,7.4,1.1,-0.8,0.084,0.202,0.211,0.522,0.071,2001-02
954,Kerry Kittles,1610612751,NJN,28.0,6-5,77.0,180,Villanova,USA,1996,1,8,82,13.4,3.4,2.6,4.3,0.026,0.078,0.189,0.542,0.131,2001-02
708,Kevin Garnett,1610612750,MIN,26.0,6-11,83.0,220,None,USA,1995,1,5,81,21.2,12.1,5.2,5.5,0.079,0.234,0.258,0.536,0.22,2001-02
1563,Kevin Ollie,1610612754,IND,29.0,6-2,74.0,195,Connecticut,USA,Undrafted,Undrafted,Undrafted,81,5.7,2.3,3.6,-4.7,0.015,0.094,0.148,0.51,0.293,2001-02
788,Kevin Willis,1610612745,HOU,39.0,7-0,84.0,245,Michigan State,USA,1984,1,11,52,6.1,5.8,0.3,-6.7,0.115,0.234,0.19,0.489,0.031,2001-02
2039,Keyon Dooling,1610612746,LAC,22.0,6-3,75.0,196,Missouri,USA,2000,1,10,14,4.1,0.2,0.9,12.5,0.0,0.016,0.196,0.466,0.119,2001-02
2213,Kirk Haston,1610612766,CHH,23.0,6-9,81.0,242,Indiana,USA,2001,1,16,15,1.7,1.3,0.3,-8.9,0.06,0.17,0.241,0.306,0.114,2001-02
977,Kobe Bryant,1610612747,LAL,23.0,6-7,79.0,210,None,USA,1996,1,13,80,25.2,5.5,5.5,7.4,0.036,0.103,0.299,0.544,0.254,2001-02
703,Kurt Thomas,1610612752,NYK,29.0,6-9,81.0,235,TCU,USA,1995,1,10,82,13.9,9.1,1.1,-4.7,0.078,0.197,0.2,0.542,0.057,2001-02
2198,Kwame Brown,1610612764,WAS,20.0,6-11,83.0,243,None,USA,2001,1,1,57,4.5,3.5,0.8,-4.9,0.077,0.172,0.18,0.45,0.09,2001-02
111,LaPhonso Ellis,1610612748,MIA,32.0,6-8,80.0,240,Notre Dame,USA,1992,1,5,66,7.1,4.3,0.8,-5.4,0.065,0.11,0.157,0.48,0.059,2001-02
1885,Lamar Odom,1610612746,LAC,22.0,6-10,82.0,221,Rhode Island,USA,1999,1,4,29,13.1,6.1,5.9,-0.4,0.031,0.131,0.224,0.473,0.294,2001-02
441,Lamond Murray,1610612739,CLE,29.0,6-7,79.0,236,California,USA,1994,1,7,71,16.6,5.2,2.2,-2.8,0.036,0.129,0.244,0.534,0.119,2001-02
1716,Larry Hughes,1610612744,GSW,23.0,6-5,77.0,184,St. Louis,USA,1998,1,8,73,12.3,3.4,4.3,-5.2,0.036,0.077,0.217,0.484,0.251,2001-02
1683,Larry Robinson,1610612752,NYK,34.0,6-3,75.0,180,Centenary-Louisiana,USA,Undrafted,Undrafted,Undrafted,2,1.5,1.0,0.0,17.0,0.0,0.0,0.16,0.375,0.0,2001-02
84,Latrell Sprewell,1610612752,NYK,31.0,6-5,77.0,195,Alabama,USA,1992,1,24,81,19.4,3.7,3.9,-3.9,0.018,0.073,0.246,0.501,0.171,2001-02
2068,Lavor Postell,1610612752,NYK,24.0,6-5,77.0,215,St. John's (NY),USA,2000,2,39,23,4.0,0.7,0.2,5.5,0.011,0.077,0.285,0.456,0.062,2001-02
1444,Lawrence Funderburke,1610612758,SAC,31.0,6-9,81.0,230,Ohio State,USA,1994,2,51,56,4.7,3.5,0.6,3.8,0.1,0.159,0.177,0.49,0.069,2001-02
1924,Lee Nailon,1610612766,CHH,27.0,6-9,81.0,238,TCU,USA,1999,2,43,79,10.8,3.7,1.2,-0.6,0.054,0.1,0.214,0.513,0.089,2001-02
1910,Leon Smith,1610612737,ATL,21.0,6-10,82.0,235,None,USA,1999,1,29,14,2.2,2.2,0.2,2.9,0.099,0.231,0.154,0.463,0.046,2001-02
283,Lindsey Hunter,1610612747,LAL,31.0,6-2,74.0,195,Jackson State,USA,1993,1,10,82,5.8,1.5,1.6,3.9,0.011,0.061,0.155,0.466,0.119,2001-02
2254,Loren Woods,1610612750,MIN,24.0,7-1,85.0,246,Arizona,USA,2001,2,45,60,1.8,2.0,0.4,-3.7,0.084,0.147,0.134,0.449,0.063,2001-02
953,Lorenzen Wright,1610612763,MEM,26.0,6-11,83.0,240,Memphis,USA,1996,1,7,43,12.0,9.4,1.0,-6.4,0.1,0.232,0.217,0.478,0.063,2001-02
446,Lucious Harris,1610612751,NJN,31.0,6-5,77.0,205,Long Beach State,USA,1993,2,28,74,9.1,2.8,1.6,2.7,0.032,0.101,0.192,0.556,0.136,2001-02
2124,Malik Allen,1610612748,MIA,24.0,6-10,82.0,255,Villanova,USA,Undrafted,Undrafted,Undrafted,12,4.3,3.2,0.4,-2.3,0.089,0.134,0.161,0.469,0.054,2001-02
990,Malik Rose,1610612759,SAS,27.0,6-7,79.0,255,Drexel,USA,1996,2,44,82,9.4,6.0,0.7,8.2,0.105,0.176,0.234,0.517,0.064,2001-02
2055,Mamadou N'diaye,1610612761,TOR,27.0,7-0,84.0,255,Auburn,Senegal,2000,1,26,5,4.0,2.2,0.0,-8.6,0.1,0.104,0.144,0.694,0.0,2001-02
1531,Marc Jackson,1610612750,MIN,27.0,6-10,82.0,270,Temple,USA,1997,2,37,39,4.8,3.3,0.4,-2.5,0.093,0.16,0.2,0.467,0.05,2001-02
948,Marcus Camby,1610612752,NYK,28.0,6-11,83.0,235,Massachusetts,USA,1996,1,2,29,11.1,11.1,1.1,-4.3,0.092,0.238,0.171,0.483,0.055,2001-02
2033,Marcus Fizer,1610612741,CHI,23.0,6-9,81.0,262,Iowa State,USA,2000,1,4,76,12.3,5.6,1.6,-8.0,0.066,0.162,0.257,0.482,0.116,2001-02
1548,Mark Blount,1610612738,BOS,26.0,7-0,84.0,250,Pittsburgh,USA,1997,2,54,44,2.1,1.9,0.2,-5.4,0.059,0.148,0.122,0.509,0.039,2001-02
95,Mark Bryant,1610612759,SAS,37.0,6-9,81.0,250,Seton Hall,USA,1988,1,21,30,1.9,1.5,0.3,-4.7,0.116,0.09,0.139,0.478,0.078,2001-02
349,Mark Jackson,1610612752,NYK,37.0,6-3,75.0,195,St. John's (NY),USA,1987,1,18,82,8.4,3.8,7.4,-6.2,0.024,0.111,0.153,0.536,0.405,2001-02
2058,Mark Madsen,1610612747,LAL,26.0,6-9,81.0,236,Stanford,USA,2000,1,29,59,2.8,2.7,0.7,5.0,0.124,0.119,0.124,0.492,0.096,2001-02
998,Mark Pope,1610612749,MIL,29.0,6-10,82.0,235,Kentucky,USA,1996,2,52,45,1.9,1.6,0.4,-5.1,0.048,0.121,0.123,0.434,0.06,2001-02
1110,Mark Strickland,1610612737,ATL,31.0,6-10,82.0,220,Temple,USA,Undrafted,Undrafted,Undrafted,46,4.5,2.8,0.4,-6.3,0.06,0.148,0.167,0.466,0.051,2001-02
2043,Mateen Cleaves,1610612758,SAC,24.0,6-2,74.0,205,Michigan State,USA,2000,1,14,32,2.2,0.3,0.8,-13.0,0.006,0.038,0.243,0.486,0.253,2001-02
672,Matt Bullard,1610612766,CHH,35.0,,, ,Iowa,USA,Undrafted,Undrafted,Undrafted,31,3.4,1.5,0.5,-6.0,0.026,0.102,0.166,0.436,0.077,2001-02
761,Matt Geiger,1610612755,PHI,32.0,,, ,Georgia Tech,USA,1992,2,42,4,0.8,1.5,0.0,-38.3,0.075,0.086,0.145,0.169,0.0,2001-02
1723,Matt Harpring,1610612755,PHI,26.0,6-7,79.0,231,Georgia Tech,USA,1998,1,15,81,11.8,7.1,1.3,4.3,0.082,0.147,0.188,0.512,0.073,2001-02
2230,Maurice Evans,1610612750,MIN,23.0,6-5,77.0,220,Texas,USA,Undrafted,Undrafted,Undrafted,10,2.1,0.4,0.4,-4.0,0.052,0.023,0.183,0.506,0.154,2001-02
2370,Mengke Bateer,1610612743,DEN,26.0,6-11,83.0,290,None,China,Undrafted,Undrafted,Undrafted,27,5.1,3.6,0.8,-5.1,0.076,0.172,0.193,0.469,0.096,2001-02
1897,Metta World Peace,1610612754,IND,22.0,6-7,79.0,246,St. John's (NY),USA,1999,1,16,55,13.2,4.9,2.3,0.2,0.044,0.123,0.23,0.501,0.142,2001-02
2214,Michael Bradley,1610612761,TOR,23.0,6-9,81.0,227,Villanova,USA,2001,1,17,26,1.2,0.9,0.1,-19.5,0.061,0.147,0.126,0.526,0.042,2001-02
688,Michael Curry,1610612765,DET,33.0,6-5,77.0,210,Georgia Southern,USA,Undrafted,Undrafted,Undrafted,82,4.0,2.0,1.5,-0.9,0.008,0.085,0.093,0.521,0.104,2001-02
1722,Michael Dickerson,1610612763,MEM,27.0,6-5,77.0,190,Arizona,USA,1998,1,14,4,10.8,3.0,2.3,-3.4,0.021,0.083,0.194,0.425,0.113,2001-02
1720,Michael Doleac,1610612739,CLE,25.0,6-11,83.0,262,Utah,USA,1998,1,12,42,4.6,4.0,0.6,-7.9,0.069,0.181,0.157,0.468,0.056,2001-02
714,Michael Finley,1610612742,DAL,29.0,6-7,79.0,215,Wisconsin,USA,1995,1,21,69,20.6,5.2,3.3,4.0,0.033,0.099,0.236,0.532,0.138,2001-02
893,Michael Jordan,1610612764,WAS,39.0,6-6,78.0,216,North Carolina,USA,1984,1,3,60,22.9,5.7,5.2,-0.3,0.024,0.145,0.356,0.468,0.295,2001-02
1709,Michael Olowokandi,1610612746,LAC,27.0,7-0,84.0,270,Pacific,Nigeria,1998,1,1,80,11.1,8.9,1.1,-1.7,0.065,0.214,0.201,0.457,0.059,2001-02
2072,Michael Redd,1610612749,MIL,22.0,6-6,78.0,220,Ohio State,USA,2000,2,43,67,11.4,3.3,1.4,1.3,0.056,0.102,0.228,0.581,0.116,2001-02
1913,Michael Ruffin,1610612755,PHI,25.0,6-8,80.0,248,Tulsa,USA,1999,2,32,15,1.1,3.4,0.3,-11.4,0.128,0.162,0.105,0.271,0.048,2001-02
1565,Michael Stewart,1610612761,TOR,27.0,6-10,82.0,230,California,USA,Undrafted,Undrafted,Undrafted,11,2.0,2.3,0.3,1.2,0.125,0.159,0.158,0.395,0.068,2001-02
1710,Mike Bibby,1610612758,SAC,24.0,6-1,73.0,190,Arizona,USA,1998,1,2,80,13.7,2.8,5.0,7.7,0.014,0.064,0.195,0.513,0.227,2001-02
2229,Mike James,1610612748,MIA,27.0,6-2,74.0,190,Duquesne,USA,Undrafted,Undrafted,Undrafted,15,2.8,0.9,1.3,-15.5,0.016,0.12,0.228,0.456,0.306,2001-02
2034,Mike Miller,1610612753,ORL,22.0,6-8,80.0,218,Florida,USA,2000,1,5,63,15.2,4.3,3.1,3.8,0.023,0.104,0.207,0.542,0.149,2001-02
2130,Mike Penberthy,1610612747,LAL,27.0,6-3,75.0,180,The Master's College,USA,Undrafted,Undrafted,Undrafted,3,1.7,0.7,0.7,-4.0,0.0,0.0,0.133,0.665,0.25,2001-02
1630,Mikki Moore,1610612765,DET,26.0,7-0,84.0,230,Nebraska,USA,Undrafted,Undrafted,Undrafted,30,2.6,1.7,0.4,2.8,0.114,0.151,0.178,0.545,0.087,2001-02
1960,Milt Palacio,1610612756,PHX,24.0,6-3,75.0,195,Colorado State,Belize,Undrafted,Undrafted,Undrafted,69,3.3,1.1,1.2,-5.6,0.014,0.082,0.165,0.468,0.189,2001-02
782,Mitch Richmond,1610612747,LAL,37.0,6-5,77.0,220,Kansas State,USA,1988,1,5,64,4.1,1.5,0.9,8.6,0.019,0.099,0.187,0.488,0.131,2001-02
348,Mitchell Butler,1610612757,POR,31.0,6-5,77.0,216,UCLA,USA,Undrafted,Undrafted,Undrafted,11,2.6,1.3,0.5,-12.9,0.069,0.094,0.165,0.513,0.098,2001-02
42,Monty Williams,1610612753,ORL,30.0,6-8,80.0,225,Notre Dame,USA,1994,1,24,68,7.1,3.5,1.4,-3.7,0.063,0.122,0.173,0.575,0.126,2001-02
983,Moochie Norris,1610612745,HOU,28.0,6-1,73.0,175,West Florida,USA,1996,2,33,82,8.1,3.0,4.9,-4.7,0.032,0.08,0.176,0.471,0.302,2001-02
302,Mookie Blaylock,1610612744,GSW,35.0,,, ,Oklahoma,USA,1989,1,12,35,3.4,1.5,3.3,-6.8,0.013,0.076,0.135,0.398,0.33,2001-02
2050,Morris Peterson,1610612761,TOR,24.0,6-7,79.0,218,Michigan State,USA,2000,1,21,63,14.0,3.5,2.4,0.0,0.044,0.069,0.207,0.524,0.131,2001-02
1737,Nazr Mohammed,1610612737,ATL,24.0,6-10,82.0,250,Kentucky,USA,1998,1,29,82,9.7,7.9,0.4,-6.8,0.114,0.194,0.192,0.49,0.026,2001-02
98,Nick Anderson,1610612763,MEM,34.0,,, ,Illinois,USA,1989,1,11,15,4.0,2.2,0.9,-13.3,0.004,0.152,0.192,0.375,0.127,2001-02
89,Nick Van Exel,1610612742,DAL,30.0,6-1,73.0,195,Cincinnati,USA,1993,2,37,72,18.4,3.5,6.6,-2.8,0.011,0.091,0.264,0.495,0.339,2001-02
2369,Norman Richardson,1610612741,CHI,24.0,6-5,77.0,200,Hofstra,USA,Undrafted,Undrafted,Undrafted,11,2.7,0.7,0.2,-18.2,0.0,0.069,0.214,0.501,0.057,2001-02
1918,Obinna Ekezie,1610612746,LAC,26.0,6-9,81.0,270,Maryland,Nigeria,1999,2,37,29,1.9,1.2,0.1,4.1,0.076,0.139,0.201,0.477,0.032,2001-02
2071,Olumide Oyedeji,1610612760,SEA,21.0,6-10,82.0,255,None,Nigeria,2000,2,42,36,1.5,2.2,0.1,3.5,0.121,0.219,0.125,0.562,0.026,2001-02
2351,Oscar Torres,1610612745,HOU,25.0,6-6,78.0,210,None,Venezuela,Undrafted,Undrafted,Undrafted,65,6.0,1.9,0.6,-8.4,0.041,0.073,0.182,0.502,0.065,2001-02
970,Othella Harrington,1610612752,NYK,28.0,6-9,81.0,235,Georgetown,USA,1996,2,30,77,7.7,4.5,0.5,3.3,0.086,0.143,0.185,0.567,0.042,2001-02
136,P.J. Brown,1610612766,CHH,32.0,6-11,83.0,239,Louisiana Tech,USA,1992,2,29,80,8.4,9.8,1.3,2.8,0.107,0.203,0.121,0.545,0.064,2001-02
1727,Pat Garrity,1610612753,ORL,25.0,6-9,81.0,238,Notre Dame,USA,1998,1,19,80,11.1,4.2,1.2,4.3,0.033,0.111,0.161,0.553,0.063,2001-02
121,Patrick Ewing,1610612753,ORL,39.0,7-0,84.0,255,Georgetown,Jamaica,1985,1,1,65,6.0,4.0,0.5,-1.9,0.064,0.223,0.223,0.497,0.066,2001-02
2200,Pau Gasol,1610612763,MEM,21.0,7-0,84.0,227,None,Spain,2001,1,3,82,17.6,8.9,2.7,-5.3,0.08,0.164,0.223,0.566,0.133,2001-02
1718,Paul Pierce,1610612738,BOS,24.0,6-6,78.0,230,Kansas,USA,1998,1,10,82,26.1,6.9,3.2,4.6,0.024,0.147,0.289,0.57,0.153,2001-02
978,Peja Stojakovic,1610612758,SAC,25.0,6-9,81.0,229,None,Serbia,1996,1,14,71,21.2,5.3,2.5,7.6,0.027,0.107,0.232,0.592,0.106,2001-02
461,Popeye Jones,1610612764,WAS,32.0,6-8,80.0,250,Murray State,USA,1992,2,41,79,7.0,7.3,1.6,1.8,0.12,0.189,0.154,0.49,0.103,2001-02
1542,Predrag Drobnjak,1610612760,SEA,26.0,6-11,83.0,272,None,Serbia,1997,2,48,64,6.8,3.4,0.8,3.8,0.069,0.128,0.195,0.49,0.069,2001-02
2056,Primoz Brezec,1610612754,IND,22.0,7-1,85.0,243,None,Slovenia,2000,1,27,22,2.0,1.3,0.3,-2.3,0.09,0.073,0.126,0.538,0.065,2001-02
2047,Quentin Richardson,1610612746,LAC,22.0,6-6,78.0,223,DePaul,USA,2000,1,18,81,13.3,4.1,1.6,1.8,0.052,0.101,0.228,0.534,0.105,2001-02
1900,Quincy Lewis,1610612762,UTA,25.0,6-7,79.0,215,Minnesota,USA,1999,1,19,36,4.0,1.2,1.0,-1.6,0.023,0.068,0.167,0.474,0.12,2001-02
1711,Raef LaFrentz,1610612742,DAL,26.0,6-11,83.0,245,Kansas,USA,1998,1,3,78,13.5,7.4,1.1,-1.0,0.069,0.165,0.197,0.533,0.059,2001-02
1747,Rafer Alston,1610612749,MIL,25.0,6-2,74.0,171,Fresno State,USA,1998,2,39,50,3.5,1.4,2.9,-5.2,0.017,0.103,0.191,0.434,0.41,2001-02
1952,Raja Bell,1610612755,PHI,25.0,6-5,77.0,204,Florida International,US Virgin Islands,Undrafted,Undrafted,Undrafted,74,3.4,1.5,1.0,-6.5,0.035,0.088,0.152,0.486,0.141,2001-02
753,Randy Brown,1610612738,BOS,34.0,6-2,74.0,190,New Mexico State,USA,1991,2,31,1,0.0,0.0,2.0,-43.6,0.0,0.0,0.067,0.0,1.0,2001-02
988,Randy Livingston,1610612760,SEA,27.0,6-4,76.0,209,Louisiana State,USA,1996,2,42,13,3.2,1.9,2.0,14.5,0.052,0.089,0.155,0.348,0.205,2001-02
1740,Rashard Lewis,1610612760,SEA,22.0,6-10,82.0,215,None,USA,1998,2,32,71,16.8,7.0,1.7,6.1,0.057,0.14,0.204,0.564,0.076,2001-02
739,Rasheed Wallace,1610612757,POR,27.0,6-11,83.0,225,North Carolina,USA,1995,1,4,79,19.3,8.2,1.9,6.6,0.048,0.179,0.234,0.54,0.09,2001-02
1725,Rasho Nesterovic,1610612750,MIN,26.0,7-0,84.0,248,None,Slovenia,1998,1,17,82,8.4,6.5,0.9,7.0,0.092,0.153,0.158,0.499,0.049,2001-02
2237,Ratko Varda,1610612765,DET,23.0,,, ,None,Bosnia and Herzegovina,Undrafted,Undrafted,Undrafted,1,5.0,1.0,0.0,-8.3,0.0,0.0,0.286,0.727,0.0,2001-02
951,Ray Allen,1610612749,MIL,26.0,6-5,77.0,205,Connecticut,USA,1996,1,5,69,21.8,4.5,3.9,1.2,0.034,0.09,0.258,0.598,0.193,2001-02
397,Reggie Miller,1610612754,IND,36.0,6-7,79.0,195,UCLA,USA,1987,1,11,79,16.5,2.8,3.2,-0.4,0.008,0.068,0.18,0.617,0.144,2001-02
1073,Reggie Slater,1610612737,ATL,31.0,6-7,79.0,255,Wyoming,USA,Undrafted,Undrafted,Undrafted,8,2.6,1.1,0.1,-2.0,0.086,0.0,0.172,0.541,0.038,2001-02
1888,Richard Hamilton,1610612764,WAS,24.0,6-7,79.0,193,Connecticut,USA,1999,1,7,63,20.0,3.4,2.7,-0.7,0.034,0.067,0.281,0.511,0.143,2001-02
2210,Richard Jefferson,1610612751,NJN,22.0,6-7,79.0,222,Arizona,USA,2001,1,13,79,9.4,3.7,1.8,3.3,0.043,0.107,0.189,0.524,0.125,2001-02
1594,Rick Brunson,1610612757,POR,30.0,6-4,76.0,190,Temple,USA,Undrafted,Undrafted,Undrafted,59,2.1,1.2,1.9,-2.7,0.048,0.088,0.152,0.481,0.336,2001-02
296,Rick Fox,1610612747,LAL,32.0,6-7,79.0,242,North Carolina,Canada,1991,1,24,82,7.9,4.7,3.5,6.2,0.039,0.127,0.15,0.502,0.174,2001-02
1729,Ricky Davis,1610612739,CLE,22.0,6-7,79.0,197,Iowa,USA,1998,1,21,82,11.7,3.0,2.2,-4.1,0.034,0.095,0.237,0.539,0.168,2001-02
109,Robert Horry,1610612747,LAL,31.0,6-10,82.0,235,Alabama,USA,1992,1,11,81,6.8,5.9,2.9,8.5,0.059,0.155,0.127,0.528,0.158,2001-02
123,Robert Pack,1610612750,MIN,33.0,6-2,74.0,190,Southern California,USA,Undrafted,Undrafted,Undrafted,16,3.9,1.4,3.1,-6.6,0.027,0.064,0.164,0.416,0.316,2001-02
1714,Robert Traylor,1610612766,CHH,25.0,6-8,80.0,284,Michigan,USA,1998,1,6,61,3.7,3.1,0.6,-3.5,0.1,0.17,0.188,0.473,0.093,2001-02
393,Rod Strickland,1610612748,MIA,35.0,6-3,75.0,185,DePaul,USA,1988,1,19,76,10.4,3.1,6.1,2.0,0.023,0.081,0.198,0.495,0.347,2001-02
1934,Rodney Buford,1610612763,MEM,24.0,6-5,77.0,189,Creighton,USA,1999,2,53,63,9.4,4.3,1.1,-9.7,0.03,0.123,0.175,0.47,0.068,2001-02
915,Rodney Rogers,1610612738,BOS,31.0,6-7,79.0,255,Wake Forest,USA,1993,1,9,77,11.9,4.5,1.4,4.7,0.066,0.116,0.214,0.558,0.101,2001-02
2206,Rodney White,1610612765,DET,22.0,6-9,81.0,238,North Carolina-Charlotte,USA,2001,1,9,16,3.5,1.1,0.8,7.3,0.018,0.124,0.282,0.423,0.138,2001-02
1500,Ron Mercer,1610612754,IND,26.0,6-7,79.0,210,Kentucky,USA,1997,1,6,53,13.9,3.4,2.4,-10.6,0.028,0.078,0.242,0.439,0.154,2001-02
2257,Ruben Boumtje-Boumtje,1610612757,POR,24.0,7-0,84.0,245,Georgetown,USA,2001,2,49,33,1.2,1.7,0.1,-15.8,0.082,0.136,0.103,0.453,0.028,2001-02
1739,Ruben Patterson,1610612757,POR,26.0,6-5,77.0,224,Cincinnati,USA,1998,2,31,75,11.2,4.0,1.4,3.1,0.089,0.085,0.216,0.567,0.109,2001-02
1601,Rusty LaRue,1610612762,UTA,28.0,6-3,75.0,185,Wake Forest,USA,Undrafted,Undrafted,Undrafted,33,5.8,1.5,2.2,-6.0,0.021,0.073,0.194,0.482,0.234,2001-02
1763,Ryan Bowen,1610612743,DEN,26.0,6-9,81.0,227,Iowa,USA,1998,2,55,75,4.9,4.0,0.7,1.8,0.077,0.1,0.101,0.524,0.046,2001-02
208,Sam Cassell,1610612749,MIL,32.0,6-3,75.0,185,Florida State,USA,1993,1,24,74,19.7,4.2,6.7,2.4,0.022,0.095,0.266,0.545,0.324,2001-02
694,Sam Mack,1610612748,MIA,32.0,,, ,Houston,USA,Undrafted,Undrafted,Undrafted,12,3.3,1.2,0.3,1.7,0.013,0.072,0.167,0.384,0.04,2001-02
417,Sam Mitchell,1610612750,MIN,38.0,6-7,79.0,215,Mercer,USA,1985,3,54,74,3.3,1.1,0.6,2.5,0.025,0.09,0.165,0.491,0.096,2001-02
955,Samaki Walker,1610612747,LAL,26.0,6-9,81.0,260,Louisville,USA,1996,1,9,69,6.7,7.0,0.9,1.9,0.078,0.203,0.129,0.545,0.057,2001-02
2223,Samuel Dalembert,1610612755,PHI,22.0,6-11,83.0,250,Seton Hall,Haiti,2001,1,26,34,1.5,2.0,0.1,-5.9,0.131,0.25,0.163,0.44,0.047,2001-02
1513,Scot Pollard,1610612758,SAC,27.0,6-11,83.0,265,Kansas,USA,1997,1,19,80,6.4,7.1,0.7,8.1,0.096,0.191,0.113,0.59,0.039,2001-02
1909,Scott Padgett,1610612762,UTA,26.0,6-9,81.0,240,Kentucky,USA,1999,1,28,75,6.7,3.8,1.1,3.2,0.091,0.139,0.173,0.568,0.109,2001-02
281,Scott Williams,1610612743,DEN,34.0,6-10,82.0,245,North Carolina,USA,Undrafted,Undrafted,Undrafted,41,4.9,5.1,0.3,-10.4,0.102,0.175,0.164,0.43,0.029,2001-02
937,Scottie Pippen,1610612757,POR,36.0,6-7,79.0,228,Central Arkansas,USA,1987,1,5,62,10.6,5.2,5.9,2.8,0.039,0.131,0.186,0.497,0.283,2001-02
1752,Sean Marks,1610612748,MIA,26.0,6-10,82.0,250,California,New Zealand,1998,2,44,21,4.6,3.6,0.4,-7.6,0.061,0.177,0.18,0.466,0.046,2001-02
399,Sean Rooks,1610612746,LAC,32.0,6-10,82.0,260,Arizona,USA,1992,2,30,61,3.0,2.0,0.4,0.0,0.044,0.123,0.14,0.443,0.055,2001-02
1742,Shammond Williams,1610612760,SEA,27.0,6-1,73.0,201,North Carolina,USA,1998,2,34,50,4.4,1.3,1.7,-2.4,0.028,0.082,0.185,0.526,0.225,2001-02
1000,Shandon Anderson,1610612752,NYK,28.0,6-6,78.0,210,Georgia,USA,1996,2,54,82,5.0,3.0,0.9,-3.9,0.038,0.12,0.15,0.489,0.083,2001-02
2203,Shane Battier,1610612763,MEM,23.0,6-8,80.0,220,Duke,USA,2001,1,6,78,14.4,5.4,2.8,-5.0,0.058,0.078,0.179,0.518,0.116,2001-02
406,Shaquille O'Neal,1610612747,LAL,30.0,7-1,85.0,315,Louisiana State,USA,1992,1,1,67,27.2,10.7,3.0,11.8,0.099,0.189,0.314,0.59,0.157,2001-02
949,Shareef Abdur-Rahim,1610612737,ATL,25.0,6-9,81.0,230,California,USA,1996,1,3,77,21.2,9.0,3.1,-4.4,0.066,0.171,0.267,0.536,0.152,2001-02
762,Shawn Bradley,1610612742,DAL,30.0,7-6,90.0,265,Brigham Young,USA,1993,1,2,53,4.1,3.3,0.4,5.7,0.075,0.156,0.132,0.562,0.04,2001-02
431,Shawn Kemp,1610612757,POR,32.0,6-10,82.0,280,Concord HS (IN),USA,1989,1,17,75,6.1,3.8,0.7,-0.2,0.074,0.177,0.2,0.489,0.071,2001-02
1890,Shawn Marion,1610612756,PHX,24.0,6-7,79.0,215,UNLV,USA,1999,1,9,81,19.1,9.9,2.0,0.4,0.067,0.19,0.232,0.518,0.091,2001-02
1035,Shawnelle Scott,1610612743,DEN,30.0,,, ,St. John's (NY),USA,1994,2,43,21,3.9,4.9,0.4,-4.5,0.172,0.195,0.161,0.489,0.056,2001-02
2098,Slava Medvedenko,1610612747,LAL,23.0,6-10,82.0,250,None,Ukraine,Undrafted,Undrafted,Undrafted,71,4.7,2.2,0.6,6.9,0.111,0.097,0.223,0.5,0.099,2001-02
2049,Speedy Claxton,1610612755,PHI,24.0,5-11,71.0,166,Hofstra,USA,2000,1,20,67,7.2,2.4,3.0,-0.5,0.03,0.077,0.176,0.469,0.227,2001-02
278,Stacey Augmon,1610612766,CHH,33.0,6-8,80.0,213,UNLV,USA,1991,1,9,77,4.7,2.9,1.3,4.3,0.046,0.122,0.146,0.481,0.128,2001-02
1536,Stephen Jackson,1610612759,SAS,24.0,6-8,80.0,218,Butler C.C. (KS),USA,1997,2,42,23,3.9,1.1,0.5,-4.8,0.013,0.095,0.235,0.452,0.098,2001-02
950,Stephon Marbury,1610612756,PHX,25.0,6-2,74.0,180,Georgia Tech,USA,1996,1,4,82,20.4,3.2,8.1,-1.3,0.023,0.061,0.262,0.519,0.355,2001-02
1883,Steve Francis,1610612745,HOU,25.0,6-3,75.0,195,Maryland,USA,1999,1,2,57,21.6,7.0,6.4,-1.5,0.045,0.128,0.278,0.517,0.281,2001-02
1864,Steve Goodrich,1610612751,NJN,26.0,6-10,82.0,220,Princeton,USA,Undrafted,Undrafted,Undrafted,9,0.6,0.6,0.6,-11.3,0.018,0.078,0.126,0.23,0.167,2001-02
70,Steve Kerr,1610612757,POR,36.0,6-3,75.0,180,Arizona,USA,1988,2,50,65,4.1,0.9,1.0,4.1,0.008,0.07,0.147,0.573,0.134,2001-02
959,Steve Nash,1610612742,DAL,28.0,6-3,75.0,195,Santa Clara,Canada,1996,1,15,82,17.9,3.1,7.7,5.5,0.018,0.07,0.223,0.602,0.355,2001-02
2212,Steven Hunter,1610612753,ORL,20.0,6-10,82.0,224,DePaul,USA,2001,1,15,53,3.6,1.8,0.1,-9.0,0.071,0.102,0.171,0.502,0.016,2001-02
120,Steven Smith,1610612759,SAS,33.0,6-8,80.0,221,Michigan State,USA,1991,1,5,77,11.6,2.5,2.0,6.6,0.022,0.067,0.178,0.588,0.113,2001-02
2031,Stromile Swift,1610612763,MEM,22.0,6-9,81.0,225,Louisiana State,USA,2000,1,2,68,11.8,6.3,0.7,-8.8,0.09,0.143,0.216,0.539,0.052,2001-02
2347,Tang Hamilton,1610612748,MIA,24.0,6-8,80.0,220,Mississippi State,USA,Undrafted,Undrafted,Undrafted,9,2.2,2.0,0.6,-2.1,0.06,0.125,0.1,0.514,0.088,2001-02
1505,Tariq Abdul-Wahad,1610612742,DAL,27.0,6-6,78.0,223,San Jose State,France,1997,1,11,24,5.6,3.5,1.0,-5.6,0.084,0.104,0.187,0.418,0.09,2001-02
2242,Terence Morris,1610612745,HOU,23.0,6-9,81.0,221,Maryland,USA,2001,2,33,68,3.8,3.1,0.9,-10.2,0.067,0.123,0.14,0.423,0.096,2001-02
210,Terrell Brandon,1610612750,MIN,32.0,5-11,71.0,173,Oregon,USA,1991,1,11,32,12.4,2.9,8.3,7.0,0.017,0.075,0.196,0.494,0.387,2001-02
345,Terry Porter,1610612759,SAS,39.0,6-3,75.0,205,Wisconsin-Stevens Point,USA,1985,1,24,72,5.5,2.3,2.8,14.4,0.01,0.11,0.152,0.558,0.25,2001-02
689,Theo Ratliff,1610612737,ATL,29.0,6-10,82.0,230,Wyoming,USA,1995,1,18,3,8.7,5.3,0.3,-15.8,0.062,0.125,0.178,0.523,0.024,2001-02
2357,Tierre Brown,1610612745,HOU,23.0,6-2,74.0,189,McNeese State,USA,Undrafted,Undrafted,Undrafted,40,3.1,1.1,1.8,-17.2,0.026,0.081,0.184,0.483,0.341,2001-02
1495,Tim Duncan,1610612759,SAS,26.0,7-0,84.0,260,Wake Forest,US Virgin Islands,1997,1,1,82,25.5,12.7,3.7,9.2,0.087,0.227,0.289,0.576,0.182,2001-02
896,Tim Hardaway,1610612743,DEN,35.0,6-0,72.0,195,Texas-El Paso,USA,1989,1,14,68,9.6,1.8,4.1,-0.9,0.009,0.069,0.213,0.492,0.283,2001-02
1906,Tim James,1610612755,PHI,25.0,,, ,Miami,USA,1999,1,25,9,1.3,0.8,0.1,-21.1,0.104,0.061,0.184,0.384,0.048,2001-02
1501,Tim Thomas,1610612749,MIL,25.0,6-10,82.0,240,Villanova,USA,1997,1,7,74,11.7,4.1,1.4,1.3,0.034,0.116,0.219,0.522,0.091,2001-02
1928,Todd MacCulloch,1610612751,NJN,26.0,7-0,84.0,280,Washington,Canada,1999,2,47,62,9.7,6.1,1.3,6.9,0.102,0.141,0.173,0.562,0.078,2001-02
339,Tom Gugliotta,1610612756,PHX,32.0,6-10,82.0,240,North Carolina State,USA,1992,1,6,44,6.5,5.0,1.8,-1.5,0.052,0.142,0.147,0.449,0.1,2001-02
389,Toni Kukoc,1610612737,ATL,33.0,6-11,83.0,235,None,Croatia,1990,2,29,59,9.9,3.7,3.5,-1.9,0.029,0.121,0.202,0.511,0.234,2001-02
1499,Tony Battie,1610612738,BOS,26.0,6-11,83.0,240,Texas Tech,USA,1997,1,5,74,6.9,6.5,0.5,4.2,0.099,0.16,0.125,0.57,0.031,2001-02
960,Tony Delk,1610612738,BOS,28.0,6-2,74.0,189,Kentucky,USA,1996,1,16,63,9.5,3.2,2.1,4.1,0.037,0.101,0.204,0.473,0.146,2001-02
763,Tony Massenburg,1610612763,MEM,34.0,6-9,81.0,250,Maryland,USA,1990,2,43,73,5.5,4.4,0.4,-13.3,0.083,0.191,0.169,0.503,0.036,2001-02
2225,Tony Parker,1610612759,SAS,20.0,6-2,74.0,177,None,France,2001,1,28,77,9.2,2.6,4.3,4.0,0.016,0.071,0.175,0.497,0.237,2001-02
1503,Tracy McGrady,1610612753,ORL,23.0,6-8,80.0,210,None,USA,1997,1,9,76,25.6,7.8,5.3,5.1,0.051,0.153,0.31,0.532,0.25,2001-02
145,Tracy Murray,1610612761,TOR,30.0,6-7,79.0,228,UCLA,USA,1992,1,18,40,5.7,1.3,0.5,-7.8,0.036,0.081,0.225,0.525,0.074,2001-02
1892,Trajan Langdon,1610612739,CLE,26.0,6-3,75.0,197,Duke,USA,1999,1,11,44,4.8,1.3,1.4,0.9,0.026,0.089,0.211,0.533,0.221,2001-02
696,Travis Best,1610612741,CHI,29.0,5-11,71.0,181,Georgia Tech,USA,1995,1,23,74,7.9,2.0,4.4,-3.8,0.012,0.078,0.174,0.511,0.301,2001-02
969,Travis Knight,1610612752,NYK,27.0,7-0,84.0,235,Connecticut,USA,1996,1,29,49,2.0,2.1,0.2,-9.8,0.105,0.13,0.158,0.401,0.034,2001-02
1762,Tremaine Fowlkes,1610612746,LAC,26.0,6-8,80.0,220,Fresno State,USA,1998,2,54,22,3.4,2.9,0.8,-7.1,0.089,0.104,0.119,0.477,0.076,2001-02
2239,Trenton Hassell,1610612741,CHI,23.0,6-5,77.0,200,Austin Peay,USA,2001,2,29,78,8.7,3.3,2.2,-10.6,0.029,0.09,0.159,0.502,0.13,2001-02
1607,Troy Hudson,1610612753,ORL,26.0,6-1,73.0,170,Southern Illinois,USA,Undrafted,Undrafted,Undrafted,81,11.7,1.8,3.1,-1.9,0.016,0.061,0.249,0.526,0.236,2001-02
2211,Troy Murphy,1610612744,GSW,22.0,6-11,83.0,245,Notre Dame,USA,2001,1,14,82,5.9,3.9,0.9,-7.3,0.065,0.158,0.168,0.488,0.08,2001-02
238,Tyrone Hill,1610612739,CLE,34.0,6-9,81.0,250,Xavier,USA,1990,1,11,26,8.0,10.5,0.9,-2.7,0.099,0.254,0.152,0.46,0.043,2001-02
1838,Tyrone Nesby,1610612764,WAS,26.0,6-6,78.0,245,UNLV,USA,Undrafted,Undrafted,Undrafted,70,6.3,4.5,1.3,-0.6,0.069,0.15,0.152,0.48,0.099,2001-02
1731,Tyronn Lue,1610612764,WAS,25.0,6-0,72.0,178,Nebraska,USA,1998,1,23,71,7.8,1.7,3.5,-0.7,0.01,0.072,0.199,0.507,0.293,2001-02
2199,Tyson Chandler,1610612741,CHI,19.0,7-1,85.0,235,None,USA,2001,1,2,71,6.1,4.8,0.8,-7.1,0.086,0.165,0.162,0.543,0.063,2001-02
2349,Victor Alexander,1610612765,DET,32.0,6-10,82.0,265,Iowa State,USA,1991,1,17,14,2.9,2.1,0.4,2.6,0.071,0.216,0.269,0.367,0.105,2001-02
452,Vin Baker,1610612760,SEA,30.0,6-11,83.0,250,Hartford,USA,1993,1,8,55,14.1,6.4,1.3,-1.0,0.101,0.112,0.232,0.517,0.071,2001-02
1713,Vince Carter,1610612761,TOR,25.0,6-6,78.0,225,North Carolina,USA,1998,1,5,60,24.7,5.2,4.0,1.5,0.056,0.074,0.295,0.515,0.19,2001-02
219,Vinny Del Negro,1610612756,PHX,35.0,,, ,North Carolina State,USA,1988,2,29,2,1.0,0.0,1.0,-10.0,0.0,0.0,0.364,0.25,0.667,2001-02
958,Vitaly Potapenko,1610612738,BOS,27.0,6-10,82.0,285,Wright State,Ukraine,1996,1,12,79,4.6,4.4,0.4,-1.5,0.118,0.132,0.139,0.513,0.038,2001-02
124,Vlade Divac,1610612758,SAC,34.0,7-1,85.0,260,None,Serbia,1989,1,26,80,11.1,8.4,3.7,10.0,0.085,0.181,0.185,0.513,0.177,2001-02
2209,Vladimir Radmanovic,1610612760,SEA,21.0,6-10,82.0,234,None,Serbia,2001,1,12,61,6.7,3.8,1.3,3.3,0.038,0.154,0.17,0.528,0.1,2001-02
1735,Vladimir Stepania,1610612748,MIA,26.0,7-0,84.0,236,None,Georgia,1998,1,27,67,4.3,4.0,0.2,-4.5,0.112,0.205,0.18,0.483,0.033,2001-02
1907,Vonteego Cummings,1610612755,PHI,26.0,6-3,75.0,190,Pittsburgh,USA,1999,1,26,58,3.3,0.9,1.0,-11.0,0.028,0.081,0.205,0.477,0.23,2001-02
702,Voshon Lenard,1610612743,DEN,29.0,6-4,76.0,205,Minnesota,USA,1994,2,46,71,11.5,2.6,1.8,-6.1,0.022,0.092,0.243,0.495,0.144,2001-02
1887,Wally Szczerbiak,1610612750,MIN,25.0,6-7,79.0,244,Miami (Ohio),USA,1999,1,6,82,18.7,4.8,3.1,4.5,0.04,0.086,0.214,0.58,0.133,2001-02
1005,Walt Williams,1610612745,HOU,32.0,6-8,80.0,230,Maryland,USA,1992,1,7,48,9.4,3.4,1.4,-2.8,0.033,0.114,0.19,0.538,0.107,2001-02
962,Walter McCarty,1610612738,BOS,28.0,6-10,82.0,230,Kentucky,USA,1996,1,19,56,3.8,2.3,0.7,-1.0,0.044,0.132,0.13,0.563,0.097,2001-02
1917,Wang Zhi-zhi,1610612742,DAL,24.0,7-1,85.0,220,None,China,1999,2,36,55,5.6,2.0,0.4,5.9,0.031,0.155,0.218,0.564,0.063,2001-02
445,Wesley Person,1610612739,CLE,31.0,6-6,78.0,200,Auburn,USA,1994,1,23,78,15.1,3.8,2.2,-0.9,0.019,0.089,0.17,0.589,0.103,2001-02
2226,Will Solomon,1610612763,MEM,23.0,6-1,73.0,185,Clemson,USA,2001,2,32,62,5.2,1.1,1.5,-5.7,0.013,0.063,0.208,0.442,0.189,2001-02
1895,William Avery,1610612750,MIN,22.0,,, ,Duke,USA,1999,1,14,28,2.5,0.9,1.3,-2.7,0.015,0.073,0.195,0.361,0.217,2001-02
2216,Zach Randolph,1610612757,POR,20.0,6-9,81.0,270,Michigan State,USA,2001,1,19,41,2.8,1.7,0.3,-2.1,0.13,0.17,0.242,0.479,0.103,2001-02
1442,Zeljko Rebraca,1610612765,DET,30.0,7-0,84.0,257,None,Serbia,1994,2,54,74,6.9,3.9,0.5,2.8,0.084,0.174,0.213,0.569,0.056,2001-02
1985,Zendon Hamilton,1610612743,DEN,27.0,6-11,83.0,254,St. John's (NY),USA,Undrafted,Undrafted,Undrafted,54,6.0,4.7,0.3,-13.4,0.122,0.188,0.196,0.499,0.029,2001-02
980,Zydrunas Ilgauskas,1610612739,CLE,27.0,7-3,87.0,260,None,Lithuania,1996,1,20,62,11.1,5.4,1.1,-3.3,0.107,0.16,0.27,0.501,0.096,2001-02
