PLAYER,SEASON,AGE,HEIGHT,MPG,PPG,GP,W,TRB,AST,FG%,TS%,USG%,NET_RATING,WIN_RATE,PEAK_AGE_DIST,GP_RATE,PREV_PPG,PREV_PPG_2,PPG_TREND,PREV_USG%,PREV_GP,REALE_NEXT_PPG,PREDIZIONE
A.J. Lawson,2023-24,23.0,198.12,7.4,3.2,42,27,1.2,0.5,0.446,0.519,0.18,1.2,0.643,4.0,0.5121951219512195,3.7,3.7,-0.5,0.189,15.0,9.1,5.2
AJ Green,2023-24,24.0,193.04,11.0,4.5,56,35,1.1,0.5,0.423,0.617,0.15,3.5,0.625,3.0,0.6829268292682927,4.4,4.4,0.09999999999999964,0.159,35.0,7.4,6.2
Aaron Gordon,2023-24,28.0,203.2,31.5,13.9,73,49,6.5,3.5,0.556,0.607,0.174,8.7,0.671,1.0,0.8902439024390244,16.3,15.0,-2.4000000000000004,0.206,68.0,14.7,13.6
Aaron Holiday,2023-24,27.0,182.88,16.3,6.6,78,39,1.6,1.8,0.446,0.578,0.158,2.9,0.5,0.0,0.9512195121951219,3.9,6.3,2.6999999999999997,0.129,63.0,5.5,6.6
Aaron Nesmith,2023-24,24.0,198.12,27.7,12.2,72,41,3.8,1.5,0.496,0.631,0.158,4.3,0.569,3.0,0.8780487804878049,10.1,3.8,2.0999999999999996,0.168,73.0,12.0,12.0
Aaron Wiggins,2023-24,25.0,195.58,15.7,6.9,78,55,2.4,1.1,0.562,0.664,0.163,5.7,0.705,2.0,0.9512195121951219,6.8,8.3,0.10000000000000053,0.143,70.0,12.0,8.4
Al Horford,2023-24,38.0,205.74,26.8,8.6,65,51,6.4,2.6,0.511,0.65,0.119,11.4,0.785,11.0,0.7926829268292683,9.8,10.2,-1.200000000000001,0.119,63.0,9.0,7.1
Alec Burks,2023-24,32.0,195.58,18.4,10.4,66,18,2.3,1.3,0.369,0.536,0.234,-10.7,0.273,5.0,0.8048780487804879,12.8,11.7,-2.4000000000000004,0.218,51.0,7.3,8.4
Alex Caruso,2023-24,30.0,195.58,28.7,10.1,71,34,3.8,3.5,0.468,0.613,0.146,0.3,0.479,3.0,0.8658536585365854,5.6,7.4,4.5,0.109,67.0,7.1,8.3
Alex Len,2023-24,31.0,213.36,9.3,2.5,48,24,2.7,1.0,0.617,0.625,0.114,15.4,0.5,4.0,0.5853658536585366,1.7,6.0,0.8,0.132,26.0,1.6,1.8
Alperen Sengun,2023-24,21.0,210.82,32.5,21.1,63,29,9.3,5.0,0.537,0.585,0.27,0.8,0.46,6.0,0.7682926829268293,14.8,9.6,6.300000000000001,0.211,75.0,19.1,21.2
Amen Thompson,2023-24,21.0,200.66,22.4,9.5,62,30,6.6,2.6,0.536,0.576,0.173,2.1,0.484,6.0,0.7560975609756098,9.5,9.5,0.0,0.173,62.0,14.1,11.4
Amir Coffey,2023-24,27.0,200.66,20.9,6.6,70,46,2.1,1.1,0.472,0.604,0.119,-3.4,0.657,0.0,0.8536585365853658,3.4,9.0,3.1999999999999997,0.128,50.0,9.7,6.5
Andre Drummond,2023-24,30.0,210.82,17.1,8.4,79,37,9.0,0.5,0.556,0.576,0.201,0.8,0.468,3.0,0.9634146341463414,6.0,7.9,2.4000000000000004,0.196,67.0,7.3,7.6
Andre Jackson Jr.,2023-24,22.0,198.12,10.0,2.2,57,33,2.0,0.9,0.5,0.596,0.097,-7.3,0.579,5.0,0.6951219512195121,2.2,2.2,0.0,0.097,57.0,3.4,4.8
Andrew Nembhard,2023-24,24.0,193.04,25.0,9.2,68,41,2.1,4.1,0.498,0.573,0.161,2.2,0.603,3.0,0.8292682926829268,9.5,9.5,-0.3000000000000007,0.159,75.0,10.0,10.3
Andrew Wiggins,2023-24,29.0,200.66,27.0,13.2,71,38,4.5,1.7,0.453,0.544,0.206,-1.3,0.535,2.0,0.8658536585365854,17.1,17.2,-3.900000000000002,0.212,37.0,18.0,12.3
Anfernee Simons,2023-24,25.0,190.5,34.4,22.6,46,11,3.6,5.5,0.43,0.568,0.276,-10.6,0.239,2.0,0.5609756097560976,21.1,17.3,1.5,0.247,62.0,19.3,20.6
Anthony Black,2023-24,20.0,200.66,16.9,4.6,69,39,2.0,1.3,0.466,0.56,0.123,-1.0,0.565,7.0,0.8414634146341463,4.6,4.6,0.0,0.123,69.0,9.4,7.5
Anthony Davis,2023-24,31.0,208.28,35.5,24.7,76,45,12.6,3.5,0.556,0.621,0.261,2.6,0.592,4.0,0.926829268292683,25.9,23.2,-1.1999999999999993,0.277,56.0,24.7,23.2
Anthony Edwards,2023-24,22.0,193.04,35.1,25.9,79,54,5.4,5.1,0.461,0.575,0.314,7.3,0.684,5.0,0.9634146341463414,24.6,21.3,1.2999999999999972,0.292,79.0,27.6,26.9
Anthony Gill,2023-24,31.0,203.2,9.3,3.8,50,9,1.9,0.7,0.469,0.537,0.177,1.2,0.18,4.0,0.6097560975609756,3.3,4.1,0.5,0.116,59.0,2.5,2.2
Ausar Thompson,2023-24,21.0,198.12,25.1,8.8,63,10,6.4,1.9,0.483,0.522,0.161,-5.3,0.159,6.0,0.7682926829268293,8.8,8.8,0.0,0.161,63.0,10.1,9.4
Austin Reaves,2023-24,26.0,195.58,32.1,15.9,82,47,4.3,5.5,0.486,0.613,0.198,-1.0,0.573,1.0,1.0,13.0,7.3,2.9000000000000004,0.154,64.0,20.2,15.1
Ayo Dosunmu,2023-24,24.0,195.58,29.1,12.2,76,37,2.8,3.2,0.501,0.604,0.168,-3.3,0.487,3.0,0.926829268292683,8.6,8.8,3.5999999999999996,0.145,80.0,12.3,11.9
Bam Adebayo,2023-24,26.0,205.74,34.0,19.3,71,40,10.4,3.9,0.521,0.576,0.247,0.8,0.563,1.0,0.8658536585365854,20.4,19.1,-1.0999999999999979,0.251,75.0,18.1,19.1
Ben Sheppard,2023-24,22.0,198.12,14.3,4.4,57,32,1.6,0.9,0.393,0.524,0.125,4.7,0.561,5.0,0.6951219512195121,4.4,4.4,0.0,0.125,57.0,5.3,6.7
Ben Simmons,2023-24,27.0,208.28,23.9,6.1,15,7,7.9,5.7,0.581,0.571,0.126,-3.4,0.467,0.0,0.18292682926829268,6.9,14.3,-0.8000000000000007,0.142,42.0,5.0,6.1
Bennedict Mathurin,2023-24,22.0,195.58,26.1,14.5,59,33,4.0,2.0,0.446,0.562,0.226,-2.9,0.559,5.0,0.7195121951219512,16.7,16.7,-2.1999999999999993,0.235,78.0,16.1,16.0
Bilal Coulibaly,2023-24,19.0,203.2,27.2,8.4,63,11,4.1,1.7,0.435,0.543,0.139,-11.0,0.175,8.0,0.7682926829268293,8.4,8.4,0.0,0.139,63.0,12.3,9.4
Bismack Biyombo,2023-24,31.0,203.2,19.8,4.4,40,20,5.2,1.3,0.565,0.562,0.106,-3.8,0.5,4.0,0.4878048780487805,4.3,5.8,0.10000000000000053,0.136,61.0,5.1,3.2
Blake Wesley,2023-24,21.0,190.5,14.4,4.4,61,19,1.5,2.7,0.474,0.537,0.144,-7.8,0.311,6.0,0.7439024390243902,5.0,5.0,-0.5999999999999996,0.18,37.0,3.7,6.1
Bobby Portis,2023-24,29.0,208.28,24.5,13.8,82,49,7.4,1.3,0.508,0.581,0.224,-0.1,0.598,2.0,1.0,14.1,14.6,-0.29999999999999893,0.211,70.0,13.9,13.3
Bogdan Bogdanović,2023-24,31.0,195.58,30.4,16.9,79,35,3.4,3.1,0.428,0.569,0.218,1.9,0.443,4.0,0.9634146341463414,14.0,15.1,2.8999999999999986,0.196,54.0,10.8,14.5
Bol Bol,2023-24,24.0,220.98,10.9,5.2,43,28,3.2,0.4,0.616,0.7,0.156,0.1,0.651,3.0,0.524390243902439,9.1,2.4,-3.8999999999999995,0.177,70.0,6.8,6.7
Bones Hyland,2023-24,23.0,187.96,14.6,6.9,37,20,1.5,2.5,0.386,0.49,0.241,-6.0,0.541,4.0,0.45121951219512196,11.8,10.1,-4.9,0.271,56.0,6.2,8.9
Bradley Beal,2023-24,31.0,193.04,33.3,18.2,53,33,4.4,5.0,0.513,0.607,0.224,3.0,0.623,4.0,0.6463414634146342,23.2,23.2,-5.0,0.288,50.0,17.0,17.0
Brandin Podziemski,2023-24,21.0,193.04,26.6,9.2,74,41,5.8,3.7,0.454,0.54,0.149,5.9,0.554,6.0,0.9024390243902439,9.2,9.2,0.0,0.149,74.0,11.7,11.6
Brandon Boston,2023-24,22.0,198.12,10.8,5.2,32,17,1.6,0.4,0.404,0.476,0.24,-15.7,0.531,5.0,0.3902439024390244,6.5,6.7,-1.2999999999999998,0.237,22.0,10.7,6.7
Brandon Ingram,2023-24,26.0,203.2,32.9,20.8,64,38,5.1,5.7,0.492,0.578,0.269,4.0,0.594,1.0,0.7804878048780488,24.7,22.7,-3.8999999999999986,0.306,45.0,22.2,20.6
Brandon Miller,2023-24,21.0,200.66,32.2,17.3,74,18,4.3,2.4,0.44,0.552,0.235,-10.2,0.243,6.0,0.9024390243902439,17.3,17.3,0.0,0.235,74.0,21.0,17.3
Brice Sensabaugh,2023-24,20.0,195.58,18.3,7.5,32,8,3.2,1.7,0.39,0.511,0.201,-14.2,0.25,7.0,0.3902439024390244,7.5,7.5,0.0,0.201,32.0,10.9,8.7
Brook Lopez,2023-24,36.0,215.9,30.5,12.5,79,48,5.2,1.6,0.485,0.608,0.156,5.2,0.608,9.0,0.9634146341463414,15.9,12.4,-3.4000000000000004,0.187,78.0,13.0,10.3
Bruce Brown,2023-24,27.0,193.04,27.8,10.8,67,26,4.2,2.9,0.478,0.563,0.161,-5.8,0.388,0.0,0.8170731707317073,11.5,9.0,-0.6999999999999993,0.174,80.0,8.3,9.7
Bruno Fernando,2023-24,25.0,205.74,15.2,6.3,45,20,4.3,1.0,0.583,0.615,0.172,-6.4,0.444,2.0,0.5487804878048781,3.9,2.9,2.4,0.159,39.0,3.4,5.9
Bryce McGowens,2023-24,21.0,198.12,14.9,5.1,59,11,1.7,0.9,0.439,0.565,0.147,-13.0,0.186,6.0,0.7195121951219512,5.3,5.3,-0.20000000000000018,0.147,46.0,1.0,6.1
Buddy Hield,2023-24,31.0,193.04,25.7,12.1,84,46,3.2,2.8,0.436,0.578,0.186,1.1,0.548,4.0,1.024390243902439,16.8,15.6,-4.700000000000001,0.205,80.0,11.1,11.7
CJ McCollum,2023-24,32.0,190.5,32.7,20.0,66,42,4.3,4.6,0.459,0.592,0.244,3.7,0.636,5.0,0.8048780487804879,20.9,22.1,-0.8999999999999986,0.26,75.0,21.1,18.6
Cade Cunningham,2023-24,22.0,198.12,33.5,22.7,62,9,4.3,7.5,0.449,0.546,0.298,-7.9,0.145,5.0,0.7560975609756098,19.9,17.4,2.8000000000000007,0.287,12.0,26.1,21.4
Caleb Houstan,2023-24,21.0,203.2,13.8,4.3,59,31,1.4,0.5,0.388,0.582,0.122,-1.8,0.525,6.0,0.7195121951219512,3.8,3.8,0.5,0.107,51.0,4.1,6.7
Caleb Martin,2023-24,28.0,195.58,27.4,10.0,64,36,4.4,2.2,0.431,0.531,0.168,1.9,0.563,1.0,0.7804878048780488,9.6,9.2,0.40000000000000036,0.143,71.0,7.9,9.3
Cam Reddish,2023-24,24.0,200.66,20.5,5.4,48,27,2.1,1.0,0.389,0.504,0.123,-2.8,0.563,3.0,0.5853658536585366,9.7,10.1,-4.299999999999999,0.166,40.0,3.2,6.7
Cam Thomas,2023-24,22.0,190.5,31.4,22.5,66,23,3.2,2.9,0.442,0.554,0.296,-5.2,0.348,5.0,0.8048780487804879,10.6,8.5,11.9,0.268,57.0,24.0,20.5
Cam Whitmore,2023-24,19.0,200.66,18.7,12.3,47,19,3.8,0.7,0.454,0.561,0.255,-1.0,0.404,8.0,0.573170731707317,12.3,12.3,0.0,0.255,47.0,9.4,14.2
Cameron Johnson,2023-24,28.0,203.2,27.6,13.4,58,21,4.3,2.4,0.446,0.582,0.19,-3.4,0.362,1.0,0.7073170731707317,15.5,12.5,-2.0999999999999996,0.202,42.0,18.8,11.7
Cameron Payne,2023-24,29.0,190.5,16.7,7.4,78,46,1.5,2.6,0.432,0.566,0.185,-0.8,0.59,2.0,0.9512195121951219,10.3,10.8,-2.9000000000000004,0.239,48.0,6.9,7.7
Caris LeVert,2023-24,29.0,198.12,28.8,14.0,68,38,4.1,5.1,0.421,0.524,0.224,2.8,0.559,2.0,0.8292682926829268,12.1,17.0,1.9000000000000004,0.183,74.0,12.1,13.3
Cason Wallace,2023-24,20.0,190.5,20.6,6.8,82,57,2.3,1.5,0.491,0.612,0.127,3.9,0.695,7.0,1.0,6.8,6.8,0.0,0.127,82.0,8.4,10.1
Charles Bassey,2023-24,23.0,208.28,10.8,3.3,19,3,4.0,1.1,0.725,0.739,0.11,-11.6,0.158,4.0,0.23170731707317074,5.7,3.0,-2.4000000000000004,0.152,35.0,4.4,3.4
Chet Holmgren,2023-24,22.0,215.9,29.4,16.5,82,57,7.9,2.4,0.53,0.632,0.21,9.0,0.695,5.0,1.0,16.5,16.5,0.0,0.21,82.0,15.0,18.4
Chris Boucher,2023-24,31.0,205.74,14.1,6.4,50,16,4.1,0.5,0.507,0.625,0.167,2.4,0.32,4.0,0.6097560975609756,9.4,9.4,-3.0,0.175,76.0,10.0,5.5
Chris Duarte,2023-24,27.0,195.58,12.2,3.9,59,35,1.8,0.7,0.381,0.512,0.146,-3.1,0.593,0.0,0.7195121951219512,7.9,13.1,-4.0,0.181,46.0,2.1,5.3
Chris Paul,2023-24,39.0,182.88,26.4,9.2,58,33,3.9,6.8,0.441,0.544,0.154,2.8,0.569,12.0,0.7073170731707317,13.9,14.7,-4.700000000000001,0.195,59.0,8.8,7.7
Christian Braun,2023-24,23.0,198.12,20.2,7.3,82,57,3.7,1.6,0.46,0.554,0.152,0.7,0.695,4.0,1.0,4.7,4.7,2.5999999999999996,0.127,76.0,15.4,9.2
Chuma Okeke,2023-24,25.0,200.66,9.2,2.3,47,24,1.7,0.4,0.357,0.465,0.131,-7.3,0.511,2.0,0.573170731707317,4.7,8.6,-2.4000000000000004,0.121,27.0,5.9,4.0
Clint Capela,2023-24,30.0,208.28,25.8,11.5,73,33,10.6,1.2,0.571,0.59,0.167,-0.1,0.452,3.0,0.8902439024390244,12.0,11.1,-0.5,0.151,65.0,8.9,10.3
Coby White,2023-24,24.0,195.58,36.5,19.1,79,37,4.5,5.1,0.447,0.57,0.224,-0.7,0.468,3.0,0.9634146341463414,9.7,12.7,9.400000000000002,0.17,74.0,20.4,17.8
Cody Martin,2023-24,28.0,198.12,26.9,7.5,28,7,3.9,3.7,0.381,0.46,0.157,-10.5,0.25,1.0,0.34146341463414637,5.0,7.7,2.5,0.121,7.0,6.8,5.2
Colby Jones,2023-24,22.0,198.12,6.4,2.1,30,15,1.3,0.7,0.394,0.422,0.178,1.5,0.5,5.0,0.36585365853658536,2.1,2.1,0.0,0.178,30.0,4.0,4.2
Cole Anthony,2023-24,24.0,187.96,22.4,11.6,81,47,3.8,2.9,0.435,0.545,0.232,2.6,0.58,3.0,0.9878048780487805,13.0,16.3,-1.4000000000000004,0.209,60.0,9.4,13.2
Collin Gillespie,2023-24,25.0,185.42000000000002,9.4,3.6,24,15,0.9,1.1,0.464,0.586,0.166,2.5,0.625,2.0,0.2926829268292683,3.6,3.6,0.0,0.166,24.0,5.9,4.6
Collin Sexton,2023-24,25.0,190.5,26.6,18.7,78,29,2.6,4.9,0.487,0.607,0.267,-3.4,0.372,2.0,0.9512195121951219,14.3,16.0,4.399999999999999,0.23,48.0,18.4,17.7
Corey Kispert,2023-24,25.0,198.12,25.8,13.4,80,15,2.8,2.0,0.486,0.62,0.191,-10.7,0.188,2.0,0.975609756097561,11.1,8.2,2.3000000000000007,0.139,74.0,11.6,11.7
Cory Joseph,2023-24,32.0,187.96,11.4,2.4,26,10,1.2,1.6,0.359,0.47,0.108,-3.0,0.385,5.0,0.3170731707317073,6.9,8.0,-4.5,0.149,62.0,3.5,2.2
Craig Porter Jr.,2023-24,24.0,185.42000000000002,12.7,5.6,51,30,2.1,2.3,0.509,0.564,0.201,-1.6,0.588,3.0,0.6219512195121951,5.6,5.6,0.0,0.201,51.0,3.7,7.0
D'Angelo Russell,2023-24,28.0,190.5,32.7,18.0,76,46,3.1,6.3,0.456,0.588,0.222,2.6,0.605,1.0,0.926829268292683,17.8,18.1,0.1999999999999993,0.225,71.0,12.6,17.4
Dalano Banton,2023-24,24.0,203.2,19.4,10.3,54,24,3.3,2.4,0.404,0.504,0.25,-10.2,0.444,3.0,0.6585365853658537,4.6,3.2,5.700000000000001,0.229,31.0,8.3,9.6
Dalen Terry,2023-24,21.0,200.66,11.5,3.1,59,27,1.9,1.4,0.439,0.512,0.127,2.2,0.458,6.0,0.7195121951219512,2.2,2.2,0.8999999999999999,0.173,38.0,4.5,5.4
Damian Lillard,2023-24,33.0,187.96,35.3,24.3,73,48,4.4,7.0,0.424,0.59,0.274,6.9,0.658,6.0,0.8902439024390244,32.2,24.0,-7.900000000000002,0.331,58.0,24.9,23.3
Daniel Gafford,2023-24,25.0,208.28,24.5,11.0,74,30,7.6,1.6,0.725,0.731,0.145,-2.2,0.405,2.0,0.9024390243902439,9.0,9.4,2.0,0.146,78.0,12.3,10.4
Daniel Theis,2023-24,32.0,203.2,16.9,6.3,60,38,4.1,1.0,0.532,0.597,0.15,2.4,0.633,5.0,0.7317073170731707,7.0,8.2,-0.7000000000000002,0.201,7.0,4.3,5.3
Dante Exum,2023-24,28.0,195.58,19.8,7.8,55,36,2.7,2.9,0.533,0.645,0.148,10.3,0.655,1.0,0.6707317073170732,3.8,4.5,4.0,0.119,6.0,8.7,7.0
Dario Saric,2023-24,30.0,208.28,17.2,8.0,64,35,4.4,2.3,0.466,0.6,0.19,-1.6,0.547,3.0,0.7804878048780488,6.4,8.7,1.5999999999999996,0.186,57.0,3.5,7.4
Darius Garland,2023-24,24.0,185.42000000000002,33.3,18.0,57,31,2.7,6.5,0.446,0.56,0.249,2.1,0.544,3.0,0.6951219512195121,21.6,21.7,-3.6000000000000014,0.262,69.0,20.6,18.7
David Roddy,2023-24,23.0,193.04,18.1,6.5,65,25,3.2,1.2,0.403,0.484,0.177,-9.3,0.385,4.0,0.7926829268292683,6.7,6.7,-0.20000000000000018,0.163,70.0,4.6,7.6
Davion Mitchell,2023-24,25.0,182.88,15.3,5.3,72,41,1.3,1.9,0.452,0.555,0.147,-2.6,0.569,2.0,0.8780487804878049,5.6,11.5,-0.2999999999999998,0.14,80.0,7.9,7.1
Day'Ron Sharpe,2023-24,22.0,205.74,15.1,6.8,61,25,6.4,1.4,0.571,0.596,0.185,4.8,0.41,5.0,0.7439024390243902,4.7,6.2,2.0999999999999996,0.173,48.0,7.9,8.2
De'Aaron Fox,2023-24,26.0,190.5,35.9,26.6,74,42,4.6,5.6,0.465,0.567,0.3,4.3,0.568,1.0,0.9024390243902439,25.0,23.2,1.6000000000000014,0.288,73.0,23.5,25.6
De'Andre Hunter,2023-24,26.0,203.2,29.5,15.6,57,26,3.9,1.5,0.459,0.595,0.204,-1.3,0.456,1.0,0.6951219512195121,15.4,13.4,0.1999999999999993,0.193,67.0,17.0,14.3
De'Anthony Melton,2023-24,26.0,190.5,26.9,11.1,38,25,3.7,3.0,0.386,0.533,0.177,10.0,0.658,1.0,0.4634146341463415,10.1,10.8,1.0,0.162,77.0,10.3,11.3
DeAndre Jordan,2023-24,35.0,210.82,11.0,3.9,36,24,4.4,0.7,0.624,0.61,0.147,-10.7,0.667,8.0,0.43902439024390244,5.1,4.3,-1.1999999999999997,0.134,39.0,3.7,2.5
DeMar DeRozan,2023-24,34.0,198.12,37.8,24.0,79,37,4.3,5.3,0.48,0.584,0.252,-1.0,0.468,7.0,0.9634146341463414,24.5,27.9,-0.5,0.272,74.0,22.2,21.2
Dean Wade,2023-24,27.0,205.74,20.5,5.4,54,36,4.0,0.8,0.414,0.598,0.101,8.3,0.667,0.0,0.6585365853658537,4.7,5.3,0.7000000000000002,0.1,44.0,5.4,5.6
Deandre Ayton,2023-24,25.0,213.36,32.4,16.7,55,14,11.1,1.6,0.57,0.587,0.211,-8.7,0.255,2.0,0.6707317073170732,18.0,17.2,-1.3000000000000007,0.231,67.0,14.4,15.4
Dejounte Murray,2023-24,27.0,195.58,35.7,22.5,78,34,5.3,6.4,0.459,0.555,0.259,-2.7,0.436,0.0,0.9512195121951219,20.5,21.1,2.0,0.239,74.0,17.5,21.1
Delon Wright,2023-24,32.0,195.58,15.8,4.5,47,16,1.8,2.5,0.394,0.505,0.127,1.0,0.34,5.0,0.573170731707317,7.4,4.4,-2.9000000000000004,0.125,50.0,3.1,3.4
Deni Avdija,2023-24,23.0,205.74,30.1,14.7,75,14,7.2,3.8,0.506,0.597,0.196,-6.5,0.187,4.0,0.9146341463414634,9.2,8.4,5.5,0.165,76.0,16.9,13.7
Dennis Schröder,2023-24,30.0,185.42000000000002,31.1,14.0,80,30,3.0,6.1,0.435,0.55,0.202,-2.8,0.375,3.0,0.975609756097561,12.6,13.5,1.4000000000000004,0.183,66.0,13.1,12.2
Dereck Lively II,2023-24,20.0,215.9,23.5,8.8,55,35,6.9,1.1,0.747,0.728,0.124,5.0,0.636,7.0,0.6707317073170732,8.8,8.8,0.0,0.124,55.0,8.7,10.8
Derrick Jones Jr.,2023-24,27.0,198.12,23.5,8.6,76,47,3.3,1.0,0.483,0.592,0.146,1.7,0.618,0.0,0.926829268292683,5.0,5.6,3.5999999999999996,0.138,64.0,10.1,8.0
Derrick White,2023-24,29.0,193.04,32.6,15.2,73,58,4.2,5.2,0.461,0.611,0.183,12.5,0.795,2.0,0.8902439024390244,12.4,13.2,2.799999999999999,0.174,82.0,16.4,14.9
Desmond Bane,2023-24,26.0,195.58,34.4,23.7,42,14,4.4,5.5,0.464,0.589,0.273,-7.2,0.333,1.0,0.5121951219512195,21.5,18.2,2.1999999999999993,0.252,58.0,19.2,21.5
Devin Booker,2023-24,27.0,198.12,36.0,27.1,68,43,4.5,6.9,0.492,0.611,0.289,5.8,0.632,0.0,0.8292682926829268,27.8,26.8,-0.6999999999999993,0.311,53.0,25.6,26.2
Devin Vassell,2023-24,23.0,195.58,33.1,19.5,68,17,3.8,4.1,0.472,0.578,0.229,-6.0,0.25,4.0,0.8292682926829268,18.5,12.3,1.0,0.24,38.0,16.3,18.1
Dillon Brooks,2023-24,28.0,198.12,30.9,12.7,72,36,3.4,1.7,0.428,0.549,0.176,0.0,0.5,1.0,0.8780487804878049,14.3,18.4,-1.6000000000000014,0.214,73.0,14.0,11.8
Domantas Sabonis,2023-24,28.0,208.28,35.7,19.4,82,46,13.7,8.2,0.594,0.637,0.22,0.8,0.561,1.0,1.0,19.1,18.9,0.29999999999999716,0.213,79.0,19.1,19.3
Dominick Barlow,2023-24,21.0,205.74,12.7,4.4,33,7,3.4,1.1,0.496,0.548,0.139,-4.5,0.212,6.0,0.4024390243902439,3.9,3.9,0.5000000000000004,0.107,28.0,4.2,5.5
Donovan Mitchell,2023-24,27.0,190.5,35.3,26.6,55,36,5.1,6.1,0.462,0.595,0.301,7.3,0.655,0.0,0.6707317073170732,28.3,25.9,-1.6999999999999993,0.31,68.0,24.0,26.0
Donte DiVincenzo,2023-24,27.0,193.04,29.1,15.5,81,50,3.7,2.7,0.443,0.597,0.209,3.7,0.617,0.0,0.9878048780487805,9.4,9.0,6.1,0.146,72.0,11.7,14.3
Dorian Finney-Smith,2023-24,31.0,200.66,28.4,8.5,68,28,4.7,1.6,0.421,0.546,0.132,-2.2,0.412,4.0,0.8292682926829268,8.3,11.0,0.1999999999999993,0.129,66.0,8.7,6.7
Doug McDermott,2023-24,32.0,198.12,14.1,5.5,64,22,0.9,1.1,0.433,0.6,0.144,-9.3,0.344,5.0,0.7804878048780488,10.2,11.3,-4.699999999999999,0.186,64.0,3.5,4.7
Draymond Green,2023-24,34.0,198.12,27.1,8.6,55,33,7.2,6.0,0.497,0.587,0.148,4.9,0.6,7.0,0.6707317073170732,8.5,7.5,0.09999999999999964,0.129,73.0,9.0,7.5
Drew Eubanks,2023-24,27.0,208.28,15.6,5.1,75,42,4.3,0.8,0.601,0.645,0.129,-4.1,0.56,0.0,0.9146341463414634,6.6,7.7,-1.5,0.122,78.0,4.6,5.6
Duncan Robinson,2023-24,30.0,200.66,28.0,12.9,68,38,2.5,2.8,0.45,0.612,0.184,0.5,0.559,3.0,0.8292682926829268,6.4,10.9,6.5,0.172,42.0,11.0,10.7
Duop Reath,2023-24,28.0,205.74,17.9,9.1,68,17,3.7,1.0,0.461,0.571,0.202,-7.1,0.25,1.0,0.8292682926829268,9.1,9.1,0.0,0.202,68.0,4.2,7.7
Dwight Powell,2023-24,32.0,208.28,13.3,3.3,63,38,3.4,1.3,0.679,0.716,0.087,0.3,0.603,5.0,0.7682926829268293,6.7,8.7,-3.4000000000000004,0.123,76.0,2.1,3.3
Dyson Daniels,2023-24,21.0,200.66,22.3,5.8,61,34,3.9,2.7,0.447,0.529,0.123,3.3,0.557,6.0,0.7439024390243902,3.8,3.8,2.0,0.113,59.0,14.1,7.8
Emoni Bates,2023-24,20.0,203.2,8.9,2.7,15,8,0.9,0.7,0.306,0.404,0.196,-30.7,0.533,7.0,0.18292682926829268,2.7,2.7,0.0,0.196,15.0,3.7,5.0
Eric Gordon,2023-24,35.0,190.5,27.8,11.0,68,41,1.8,2.0,0.443,0.58,0.162,3.5,0.603,8.0,0.8292682926829268,12.4,13.4,-1.4000000000000004,0.171,69.0,6.8,9.0
Evan Mobley,2023-24,23.0,210.82,30.6,15.7,50,29,9.4,3.2,0.58,0.626,0.2,1.2,0.58,4.0,0.6097560975609756,16.2,15.0,-0.5,0.199,79.0,18.5,16.5
Franz Wagner,2023-24,22.0,208.28,32.5,19.7,72,44,5.3,3.7,0.482,0.575,0.25,4.3,0.611,5.0,0.8780487804878049,18.6,15.2,1.0999999999999979,0.23,80.0,24.2,20.5
Fred VanVleet,2023-24,30.0,182.88,36.8,17.4,73,38,3.8,8.1,0.416,0.568,0.194,3.0,0.521,3.0,0.8902439024390244,19.3,20.3,-1.9000000000000021,0.225,69.0,14.1,16.5
GG Jackson,2023-24,19.0,205.74,25.7,14.6,48,14,4.1,1.2,0.428,0.554,0.238,-7.1,0.292,8.0,0.5853658536585366,14.6,14.6,0.0,0.238,48.0,7.2,15.6
Garrett Temple,2023-24,38.0,195.58,10.7,3.3,27,5,1.7,1.0,0.372,0.502,0.147,-13.1,0.185,11.0,0.32926829268292684,2.0,5.2,1.2999999999999998,0.123,25.0,1.9,0.1
Garrison Mathews,2023-24,27.0,198.12,15.0,4.9,66,29,1.4,0.6,0.456,0.665,0.11,-4.0,0.439,0.0,0.8048780487804879,4.8,10.0,0.10000000000000053,0.139,54.0,7.5,5.0
Gary Harris,2023-24,29.0,193.04,24.0,6.9,54,35,1.7,1.6,0.441,0.587,0.114,3.3,0.648,2.0,0.6585365853658537,8.3,11.1,-1.4000000000000004,0.125,48.0,3.0,6.6
Gary Payton II,2023-24,31.0,187.96,15.5,5.5,44,27,2.6,1.1,0.563,0.621,0.13,5.8,0.614,4.0,0.5365853658536586,4.6,7.1,0.9000000000000004,0.101,22.0,6.5,4.6
Gary Trent Jr.,2023-24,25.0,195.58,28.1,13.7,71,24,2.6,1.7,0.426,0.548,0.195,-4.6,0.338,2.0,0.8658536585365854,17.4,18.3,-3.6999999999999993,0.209,66.0,11.1,13.4
Georges Niang,2023-24,31.0,200.66,22.3,9.4,82,48,3.4,1.2,0.449,0.583,0.173,0.6,0.585,4.0,1.0,8.2,9.2,1.200000000000001,0.162,78.0,9.9,8.5
Giannis Antetokounmpo,2023-24,29.0,210.82,35.2,30.4,73,45,11.5,6.5,0.611,0.649,0.32,6.6,0.616,2.0,0.8902439024390244,31.1,29.9,-0.7000000000000028,0.373,63.0,30.4,29.5
Goga Bitadze,2023-24,24.0,208.28,15.4,5.0,62,34,4.6,1.3,0.603,0.629,0.129,1.8,0.548,3.0,0.7560975609756098,4.4,7.0,0.5999999999999996,0.147,38.0,7.2,6.1
Gradey Dick,2023-24,20.0,198.12,21.1,8.5,60,18,2.2,1.1,0.425,0.546,0.167,-13.9,0.3,7.0,0.7317073170731707,8.5,8.5,0.0,0.167,60.0,14.4,9.8
Grant Williams,2023-24,25.0,198.12,28.0,10.3,76,34,4.2,2.3,0.456,0.588,0.157,-5.7,0.447,2.0,0.926829268292683,8.1,7.8,2.200000000000001,0.128,79.0,10.4,9.9
Grayson Allen,2023-24,28.0,193.04,33.5,13.5,75,45,3.9,3.0,0.499,0.679,0.143,5.1,0.6,1.0,0.9146341463414634,10.4,11.1,3.0999999999999996,0.143,72.0,10.6,12.2
Gui Santos,2023-24,22.0,198.12,8.4,3.6,23,17,2.1,0.6,0.509,0.656,0.142,3.4,0.739,5.0,0.2804878048780488,3.6,3.6,0.0,0.142,23.0,4.1,6.1
Harrison Barnes,2023-24,32.0,203.2,29.0,12.2,82,46,3.0,1.2,0.474,0.611,0.154,-1.7,0.561,5.0,1.0,15.0,16.4,-2.8000000000000007,0.168,82.0,12.3,10.8
Haywood Highsmith,2023-24,27.0,195.58,20.7,6.1,66,39,3.2,1.1,0.465,0.587,0.121,1.1,0.591,0.0,0.8048780487804879,4.4,2.3,1.6999999999999993,0.121,54.0,6.5,5.7
Herbert Jones,2023-24,25.0,200.66,30.5,11.0,76,46,3.6,2.6,0.498,0.636,0.141,5.5,0.605,2.0,0.926829268292683,9.8,9.5,1.1999999999999993,0.144,66.0,10.3,10.9
Immanuel Quickley,2023-24,25.0,187.96,29.2,17.0,68,28,3.8,4.9,0.434,0.577,0.233,-1.0,0.412,2.0,0.8292682926829268,14.9,11.3,2.0999999999999996,0.203,81.0,17.1,16.4
Isaac Okoro,2023-24,23.0,195.58,27.3,9.4,69,41,3.0,1.9,0.49,0.599,0.136,2.4,0.594,4.0,0.8414634146341463,6.4,8.8,3.0,0.117,76.0,6.1,10.2
Isaiah Hartenstein,2023-24,26.0,213.36,25.3,7.8,75,47,8.3,2.5,0.644,0.67,0.116,10.0,0.627,1.0,0.9146341463414634,5.0,8.3,2.8,0.107,82.0,11.2,8.2
Isaiah Jackson,2023-24,22.0,205.74,12.8,6.4,60,37,4.0,0.8,0.665,0.689,0.165,2.7,0.617,5.0,0.7317073170731707,7.2,8.3,-0.7999999999999998,0.165,63.0,7.0,8.6
Isaiah Joe,2023-24,24.0,190.5,18.5,8.2,78,54,2.3,1.3,0.458,0.626,0.157,9.1,0.692,3.0,0.9512195121951219,9.5,3.6,-1.3000000000000007,0.17,73.0,10.2,9.9
Isaiah Stewart,2023-24,23.0,203.2,30.9,10.9,46,9,6.6,1.6,0.487,0.6,0.143,-4.2,0.196,4.0,0.5609756097560976,11.3,8.3,-0.40000000000000036,0.17,50.0,6.0,10.0
Ivica Zubac,2023-24,27.0,213.36,26.4,11.7,68,42,9.2,1.4,0.649,0.671,0.165,4.7,0.618,0.0,0.8292682926829268,10.8,10.3,0.8999999999999986,0.149,76.0,16.8,11.2
JT Thor,2023-24,21.0,205.74,12.4,3.2,63,16,2.3,0.5,0.437,0.519,0.113,-3.2,0.254,6.0,0.7682926829268293,3.8,2.0,-0.5999999999999996,0.13,69.0,3.6,5.0
Jabari Smith Jr.,2023-24,21.0,210.82,31.9,13.7,76,39,8.1,1.6,0.454,0.571,0.174,-1.9,0.513,6.0,0.926829268292683,12.8,12.8,0.8999999999999986,0.183,79.0,12.2,15.0
Jabari Walker,2023-24,21.0,200.66,23.6,8.9,72,18,7.1,1.0,0.46,0.546,0.159,-9.5,0.25,6.0,0.8780487804878049,3.9,3.9,5.0,0.164,56.0,5.2,9.2
Jaden Hardy,2023-24,21.0,190.5,13.6,7.3,73,44,1.8,1.5,0.407,0.517,0.238,-6.5,0.603,6.0,0.8902439024390244,8.8,8.8,-1.5000000000000009,0.248,48.0,8.7,10.1
Jaden Ivey,2023-24,22.0,193.04,28.8,15.4,77,14,3.4,3.8,0.429,0.536,0.244,-7.7,0.182,5.0,0.9390243902439024,16.3,16.3,-0.9000000000000004,0.251,74.0,17.6,15.4
Jaden McDaniels,2023-24,23.0,205.74,29.2,10.5,72,48,3.1,1.4,0.489,0.571,0.156,3.8,0.667,4.0,0.8780487804878049,12.1,9.2,-1.5999999999999996,0.156,79.0,12.2,11.5
Jaden Springer,2023-24,21.0,193.04,10.3,3.3,49,32,1.6,0.9,0.399,0.49,0.167,-0.5,0.653,6.0,0.5975609756097561,2.6,1.0,0.6999999999999997,0.188,16.0,2.5,5.9
Jae Crowder,2023-24,33.0,198.12,23.1,6.2,50,25,3.2,1.3,0.422,0.546,0.113,-2.6,0.5,6.0,0.6097560975609756,6.9,9.4,-0.7000000000000002,0.125,18.0,2.6,4.4
Jae'Sean Tate,2023-24,28.0,193.04,15.9,4.1,65,32,3.0,1.0,0.472,0.538,0.115,5.1,0.492,1.0,0.7926829268292683,9.1,11.8,-5.0,0.178,31.0,3.6,4.7
Jaime Jaquez Jr.,2023-24,23.0,198.12,28.2,11.9,75,44,3.8,2.6,0.489,0.574,0.181,2.8,0.587,4.0,0.9146341463414634,11.9,11.9,0.0,0.181,75.0,8.6,12.9
Jake LaRavia,2023-24,22.0,200.66,23.0,10.8,35,8,3.7,1.7,0.389,0.54,0.201,-6.7,0.229,5.0,0.4268292682926829,3.0,3.0,7.800000000000001,0.117,35.0,6.9,9.8
Jakob Poeltl,2023-24,28.0,213.36,26.4,11.1,50,21,8.6,2.5,0.656,0.653,0.16,-0.6,0.42,1.0,0.6097560975609756,12.5,13.5,-1.4000000000000004,0.18,72.0,14.5,10.0
Jalen Brunson,2023-24,27.0,187.96,35.4,28.7,77,49,3.6,6.7,0.479,0.592,0.311,8.6,0.636,0.0,0.9390243902439024,24.0,16.3,4.699999999999999,0.266,68.0,26.0,27.0
Jalen Duren,2023-24,20.0,208.28,29.1,13.8,61,13,11.6,2.4,0.619,0.653,0.181,-7.6,0.213,7.0,0.7439024390243902,9.1,9.1,4.700000000000001,0.139,67.0,11.8,14.1
Jalen Green,2023-24,22.0,193.04,31.7,19.6,82,41,5.2,3.5,0.423,0.541,0.27,0.0,0.5,5.0,1.0,22.1,17.3,-2.5,0.274,76.0,21.0,20.6
Jalen Johnson,2023-24,22.0,203.2,33.7,16.0,56,27,8.7,3.6,0.511,0.584,0.184,-1.9,0.482,5.0,0.6829268292682927,5.6,2.4,10.4,0.156,70.0,18.9,15.2
Jalen McDaniels,2023-24,26.0,205.74,10.8,3.4,50,12,1.6,0.7,0.344,0.412,0.179,-14.1,0.24,1.0,0.6097560975609756,9.4,6.2,-6.0,0.165,80.0,0.0,3.9
Jalen Pickett,2023-24,24.0,187.96,4.5,1.6,27,20,0.5,0.8,0.429,0.571,0.164,-2.4,0.741,3.0,0.32926829268292684,1.6,1.6,0.0,0.164,27.0,4.1,3.8
Jalen Smith,2023-24,24.0,205.74,17.2,9.9,61,36,5.5,1.0,0.592,0.682,0.187,1.0,0.59,3.0,0.7439024390243902,9.4,9.2,0.5,0.201,68.0,8.2,11.0
Jalen Suggs,2023-24,23.0,195.58,27.0,12.6,75,43,3.1,2.7,0.471,0.602,0.191,1.0,0.573,4.0,0.9146341463414634,9.9,11.8,2.6999999999999993,0.196,53.0,16.2,13.2
Jalen Williams,2023-24,23.0,195.58,31.3,19.1,71,51,4.0,4.5,0.54,0.621,0.232,8.8,0.718,4.0,0.8658536585365854,14.1,14.1,5.000000000000002,0.18,75.0,21.6,19.7
Jalen Wilson,2023-24,23.0,198.12,15.5,5.0,43,14,3.0,1.0,0.425,0.537,0.138,-1.6,0.326,4.0,0.524390243902439,5.0,5.0,0.0,0.138,43.0,9.5,5.8
Jamal Cain,2023-24,25.0,198.12,10.0,3.7,26,14,1.4,0.4,0.43,0.544,0.158,-3.4,0.538,2.0,0.3170731707317073,5.4,5.4,-1.7000000000000002,0.139,18.0,5.3,4.5
Jamal Murray,2023-24,27.0,193.04,31.5,21.2,59,44,4.1,6.5,0.481,0.586,0.273,8.2,0.746,0.0,0.7195121951219512,20.0,21.2,1.1999999999999993,0.256,65.0,21.4,21.0
James Harden,2023-24,34.0,195.58,34.3,16.6,72,46,5.1,8.5,0.428,0.612,0.202,5.6,0.639,7.0,0.8780487804878049,21.0,22.0,-4.399999999999999,0.247,58.0,22.8,15.9
James Wiseman,2023-24,23.0,210.82,17.3,7.1,63,9,5.3,0.9,0.613,0.637,0.158,-13.4,0.143,4.0,0.7682926829268293,10.0,11.5,-2.9000000000000004,0.212,45.0,6.0,7.2
Jarace Walker,2023-24,20.0,200.66,10.3,3.6,33,18,1.9,1.2,0.409,0.527,0.155,2.7,0.545,7.0,0.4024390243902439,3.6,3.6,0.0,0.155,33.0,6.1,6.5
Jared Butler,2023-24,23.0,190.5,14.1,6.3,40,6,1.5,3.2,0.488,0.579,0.194,-3.8,0.15,4.0,0.4878048780487805,6.2,3.8,0.09999999999999964,0.208,6.0,9.0,6.1
Jared Rhoden,2023-24,24.0,195.58,14.4,4.9,17,2,1.9,0.8,0.5,0.597,0.135,-9.4,0.118,3.0,0.2073170731707317,3.2,3.2,1.7000000000000002,0.106,14.0,8.4,3.9
Jaren Jackson Jr.,2023-24,24.0,208.28,32.2,22.5,66,22,5.5,2.3,0.444,0.553,0.302,-7.3,0.333,3.0,0.8048780487804879,18.6,16.3,3.8999999999999986,0.243,63.0,22.2,20.7
Jarred Vanderbilt,2023-24,25.0,203.2,20.0,5.2,29,14,4.8,1.2,0.518,0.578,0.111,4.2,0.483,2.0,0.35365853658536583,7.9,6.9,-2.7,0.136,78.0,4.1,5.9
Jarrett Allen,2023-24,26.0,205.74,31.7,16.5,77,46,10.5,2.7,0.634,0.664,0.191,4.8,0.597,1.0,0.9390243902439024,14.3,16.1,2.1999999999999993,0.162,68.0,13.5,16.2
Jaxson Hayes,2023-24,24.0,213.36,12.5,4.3,70,41,3.0,0.5,0.72,0.718,0.121,-4.7,0.586,3.0,0.8536585365853658,5.0,9.3,-0.7000000000000002,0.149,47.0,6.8,5.6
Jaylen Brown,2023-24,27.0,198.12,33.5,23.0,70,52,5.5,3.6,0.499,0.58,0.283,8.7,0.743,0.0,0.8536585365853658,26.6,23.6,-3.6000000000000014,0.307,67.0,22.2,22.7
Jaylen Nowell,2023-24,24.0,193.04,16.4,6.2,13,3,1.8,1.5,0.436,0.494,0.176,-7.4,0.231,3.0,0.15853658536585366,10.8,8.5,-4.6000000000000005,0.238,65.0,8.4,6.5
Jaylin Williams,2023-24,22.0,205.74,13.0,4.0,69,48,3.4,1.6,0.417,0.561,0.133,6.8,0.696,5.0,0.8414634146341463,5.9,5.9,-1.9000000000000004,0.133,49.0,5.9,7.4
Jayson Tatum,2023-24,26.0,203.2,35.7,26.9,74,57,8.1,4.9,0.471,0.604,0.296,11.2,0.77,1.0,0.9024390243902439,30.1,26.9,-3.200000000000003,0.319,74.0,26.8,27.5
Jeff Dowtin Jr.,2023-24,27.0,190.5,11.8,4.3,12,7,1.7,2.3,0.556,0.689,0.124,6.8,0.583,0.0,0.14634146341463414,2.4,2.1,1.9,0.106,25.0,7.0,4.1
Jeff Green,2023-24,37.0,203.2,16.8,6.5,78,39,2.3,0.9,0.456,0.59,0.152,-2.9,0.5,10.0,0.9512195121951219,7.8,10.3,-1.2999999999999998,0.167,56.0,5.4,4.6
Jerami Grant,2023-24,30.0,200.66,33.9,21.0,54,17,3.5,2.8,0.451,0.573,0.255,-9.6,0.315,3.0,0.6585365853658537,20.5,19.2,0.5,0.227,63.0,14.4,17.8
Jeremiah Robinson-Earl,2023-24,23.0,203.2,8.6,2.9,39,22,1.9,0.5,0.474,0.564,0.144,-1.9,0.564,4.0,0.47560975609756095,6.8,7.5,-3.9,0.143,43.0,6.3,5.3
Jeremy Sochan,2023-24,21.0,203.2,29.6,11.6,74,18,6.4,3.4,0.438,0.513,0.187,-7.0,0.243,6.0,0.9024390243902439,11.0,11.0,0.5999999999999996,0.195,56.0,11.4,12.1
Jericho Sims,2023-24,25.0,208.28,13.0,2.0,45,30,3.3,0.6,0.691,0.702,0.06,-0.7,0.667,2.0,0.5487804878048781,3.4,2.2,-1.4,0.074,52.0,1.8,3.1
Jevon Carter,2023-24,28.0,185.42000000000002,13.9,5.0,72,35,0.8,1.3,0.378,0.485,0.168,1.4,0.486,1.0,0.8780487804878049,8.0,4.2,-3.0,0.149,81.0,4.3,5.4
Jimmy Butler III,2023-24,34.0,200.66,34.0,20.8,60,33,5.3,5.0,0.499,0.626,0.235,5.5,0.55,7.0,0.7317073170731707,22.9,21.4,-2.099999999999998,0.248,64.0,17.5,18.5
Jock Landale,2023-24,28.0,210.82,13.6,4.9,56,28,3.1,1.2,0.515,0.584,0.139,9.6,0.5,1.0,0.6829268292682927,6.6,4.9,-1.6999999999999993,0.182,69.0,4.8,5.0
Joe Ingles,2023-24,36.0,205.74,17.2,4.4,68,42,2.1,3.0,0.436,0.612,0.111,5.8,0.618,9.0,0.8292682926829268,6.9,7.2,-2.5,0.122,46.0,0.8,3.5
Joel Embiid,2023-24,30.0,213.36,33.6,34.7,39,31,11.0,5.6,0.529,0.644,0.387,10.3,0.795,3.0,0.47560975609756095,33.1,30.6,1.6000000000000014,0.37,66.0,23.8,33.4
John Collins,2023-24,26.0,205.74,28.0,15.1,68,27,8.5,1.1,0.532,0.621,0.199,-7.5,0.397,1.0,0.8292682926829268,13.1,16.2,2.0,0.168,71.0,19.0,14.2
John Konchar,2023-24,28.0,195.58,21.3,4.3,55,18,4.7,2.0,0.423,0.537,0.096,-5.9,0.327,1.0,0.6707317073170732,5.1,4.8,-0.7999999999999998,0.1,72.0,2.4,3.7
Johnny Davis,2023-24,22.0,193.04,12.3,3.0,50,8,1.4,0.6,0.403,0.462,0.117,-10.3,0.16,5.0,0.6097560975609756,5.8,5.8,-2.8,0.192,28.0,2.4,4.1
Johnny Juzang,2023-24,23.0,195.58,18.6,7.2,20,5,1.8,1.2,0.464,0.62,0.147,-1.8,0.25,4.0,0.24390243902439024,4.8,4.8,2.4000000000000004,0.187,18.0,8.9,6.6
Jonas Valančiūnas,2023-24,32.0,210.82,23.5,12.2,82,49,8.8,2.1,0.559,0.619,0.207,3.9,0.598,5.0,1.0,14.1,17.8,-1.9000000000000004,0.229,79.0,10.4,11.8
Jonathan Isaac,2023-24,26.0,208.28,15.8,6.8,58,35,4.5,0.5,0.51,0.61,0.16,10.9,0.603,1.0,0.7073170731707317,5.0,11.9,1.7999999999999998,0.198,11.0,5.4,7.2
Jonathan Kuminga,2023-24,21.0,200.66,26.3,16.1,74,40,4.8,2.2,0.529,0.598,0.237,2.9,0.541,6.0,0.9024390243902439,9.9,9.3,6.200000000000001,0.195,67.0,15.3,16.7
Jordan Clarkson,2023-24,32.0,190.5,30.6,17.1,55,22,3.4,5.0,0.413,0.521,0.255,-5.7,0.4,5.0,0.6707317073170732,20.8,16.0,-3.6999999999999993,0.273,61.0,16.2,14.9
Jordan Goodwin,2023-24,25.0,193.04,18.5,6.5,57,30,4.4,2.7,0.369,0.451,0.182,-4.1,0.526,2.0,0.6951219512195121,6.6,0.0,-0.09999999999999964,0.165,62.0,5.6,7.2
Jordan Hawkins,2023-24,22.0,195.58,17.3,7.8,67,38,2.2,1.0,0.382,0.533,0.188,-0.9,0.567,5.0,0.8170731707317073,7.8,7.8,0.0,0.188,67.0,10.8,9.8
Jordan McLaughlin,2023-24,28.0,182.88,11.2,3.5,56,35,1.3,2.0,0.483,0.638,0.119,11.0,0.625,1.0,0.6829268292682927,3.7,3.8,-0.20000000000000018,0.112,43.0,2.1,4.3
Jordan Poole,2023-24,25.0,193.04,30.1,17.4,78,15,2.7,4.4,0.413,0.529,0.256,-11.1,0.192,2.0,0.9512195121951219,20.4,18.5,-3.0,0.282,82.0,20.5,16.4
Jose Alvarado,2023-24,26.0,182.88,18.4,7.1,56,38,2.3,2.1,0.412,0.54,0.168,12.0,0.679,1.0,0.6829268292682927,9.0,6.1,-1.9000000000000004,0.191,61.0,10.3,8.2
Josh Giddey,2023-24,21.0,203.2,25.1,12.3,80,56,6.4,4.8,0.475,0.547,0.223,8.2,0.7,6.0,0.975609756097561,16.6,12.5,-4.300000000000001,0.239,76.0,14.6,15.6
Josh Green,2023-24,23.0,195.58,26.4,8.2,57,32,3.2,2.3,0.479,0.588,0.129,-2.1,0.561,4.0,0.6951219512195121,9.1,4.8,-0.9000000000000004,0.14,60.0,7.4,8.9
Josh Hart,2023-24,29.0,193.04,33.4,9.4,81,49,8.3,4.1,0.434,0.522,0.133,6.6,0.605,2.0,0.9878048780487805,9.8,14.9,-0.40000000000000036,0.124,76.0,13.6,9.5
Josh Okogie,2023-24,25.0,193.04,16.0,4.6,60,37,2.6,1.1,0.417,0.552,0.125,1.3,0.617,2.0,0.7317073170731707,7.3,2.7,-2.7,0.174,72.0,7.1,6.1
Josh Richardson,2023-24,30.0,195.58,25.6,9.9,43,24,2.8,2.4,0.444,0.573,0.159,-5.0,0.558,3.0,0.524390243902439,10.1,10.2,-0.1999999999999993,0.18,65.0,4.0,8.6
Jrue Holiday,2023-24,34.0,193.04,32.8,12.5,69,53,5.4,4.8,0.48,0.597,0.161,9.7,0.768,7.0,0.8414634146341463,19.3,18.3,-6.800000000000001,0.244,67.0,11.1,12.1
Julian Champagnie,2023-24,23.0,200.66,19.8,6.8,74,19,2.8,1.4,0.408,0.57,0.14,-4.5,0.257,4.0,0.9024390243902439,9.7,9.7,-2.8999999999999995,0.181,17.0,9.9,7.4
Julian Phillips,2023-24,20.0,203.2,8.1,2.2,40,20,0.9,0.3,0.416,0.521,0.121,0.4,0.5,7.0,0.4878048780487805,2.2,2.2,0.0,0.121,40.0,4.6,5.1
Julian Strawther,2023-24,22.0,198.12,10.9,4.5,50,34,1.2,0.9,0.369,0.482,0.193,-9.8,0.68,5.0,0.6097560975609756,4.5,4.5,0.0,0.193,50.0,9.0,7.0
Julius Randle,2023-24,29.0,203.2,35.4,24.0,46,29,9.2,5.0,0.472,0.569,0.287,6.0,0.63,2.0,0.5609756097560976,25.1,20.1,-1.1000000000000014,0.288,77.0,18.7,22.7
Justin Champagnie,2023-24,23.0,198.12,15.7,5.9,15,3,3.5,1.3,0.41,0.526,0.162,-11.1,0.2,4.0,0.18292682926829268,2.2,2.3,3.7,0.188,5.0,8.8,5.3
Justin Minaya,2023-24,25.0,195.58,11.2,1.8,34,3,1.6,0.6,0.297,0.391,0.093,-8.6,0.088,2.0,0.4146341463414634,4.3,4.3,-2.5,0.123,4.0,0.9,1.8
Jusuf Nurkić,2023-24,29.0,213.36,27.3,10.9,76,48,11.0,4.0,0.51,0.559,0.187,9.2,0.632,2.0,0.926829268292683,13.3,15.0,-2.4000000000000004,0.218,52.0,8.9,11.3
KJ Martin,2023-24,23.0,198.12,12.4,3.7,60,33,2.2,0.9,0.536,0.563,0.127,0.2,0.55,4.0,0.7317073170731707,12.7,8.8,-9.0,0.16,82.0,6.4,6.7
Karl-Anthony Towns,2023-24,28.0,213.36,32.7,21.8,62,42,8.3,3.0,0.504,0.625,0.268,7.2,0.677,1.0,0.7560975609756098,20.8,24.6,1.0,0.25,29.0,24.4,20.7
Kawhi Leonard,2023-24,33.0,200.66,34.3,23.7,68,44,6.1,3.6,0.525,0.626,0.261,8.2,0.647,6.0,0.8292682926829268,23.8,24.8,-0.10000000000000142,0.267,52.0,21.5,21.5
Keegan Murray,2023-24,23.0,203.2,33.6,15.2,77,43,5.5,1.7,0.454,0.569,0.178,2.7,0.558,4.0,0.9390243902439024,12.2,12.2,3.0,0.156,80.0,12.4,15.3
Keldon Johnson,2023-24,24.0,195.58,29.5,15.7,69,17,5.5,2.8,0.454,0.565,0.212,-7.7,0.246,3.0,0.8414634146341463,22.0,17.0,-6.300000000000001,0.273,63.0,12.7,15.6
Kelly Olynyk,2023-24,33.0,210.82,22.5,9.8,78,31,5.3,4.4,0.555,0.661,0.171,-7.3,0.397,6.0,0.9512195121951219,12.5,9.1,-2.6999999999999993,0.176,68.0,8.7,8.2
Kelly Oubre Jr.,2023-24,28.0,200.66,30.2,15.4,68,40,5.0,1.5,0.441,0.535,0.22,0.1,0.588,1.0,0.8292682926829268,20.3,15.0,-4.9,0.257,48.0,15.1,14.5
Kenrich Williams,2023-24,29.0,198.12,14.9,4.7,69,49,3.0,1.3,0.468,0.568,0.132,8.4,0.71,2.0,0.8414634146341463,8.0,7.4,-3.3,0.134,53.0,6.3,5.7
Kentavious Caldwell-Pope,2023-24,31.0,195.58,31.6,10.1,76,54,2.4,2.4,0.46,0.602,0.126,11.3,0.711,4.0,0.926829268292683,10.8,13.2,-0.7000000000000011,0.136,76.0,8.7,9.3
Keon Ellis,2023-24,24.0,190.5,17.2,5.4,57,33,2.2,1.5,0.461,0.627,0.123,5.5,0.579,3.0,0.6951219512195121,1.5,1.5,3.9000000000000004,0.124,16.0,8.3,6.0
Kessler Edwards,2023-24,23.0,200.66,5.1,1.7,54,32,0.8,0.3,0.415,0.541,0.134,-6.3,0.593,4.0,0.6585365853658537,2.8,5.9,-1.0999999999999999,0.119,36.0,4.2,4.4
Kevin Durant,2023-24,35.0,210.82,37.2,27.1,75,44,6.6,5.0,0.523,0.626,0.283,4.8,0.587,8.0,0.9146341463414634,29.1,29.9,-2.0,0.305,47.0,26.6,24.4
Kevin Huerter,2023-24,25.0,200.66,24.4,10.2,64,37,3.5,2.6,0.443,0.564,0.173,2.5,0.578,2.0,0.7804878048780488,15.2,12.1,-5.0,0.197,75.0,9.9,11.2
Kevin Knox II,2023-24,24.0,200.66,18.1,7.2,31,4,2.4,0.7,0.462,0.57,0.157,-7.8,0.129,3.0,0.3780487804878049,6.6,3.1,0.6000000000000005,0.175,63.0,3.3,6.3
Kevin Love,2023-24,35.0,203.2,16.8,8.8,55,31,6.1,2.1,0.44,0.597,0.21,6.5,0.564,8.0,0.6707317073170732,8.2,13.6,0.6000000000000014,0.185,62.0,5.3,7.8
Kevon Looney,2023-24,28.0,205.74,16.1,4.5,74,43,5.7,1.8,0.597,0.62,0.11,1.4,0.581,1.0,0.9024390243902439,7.0,6.0,-2.5,0.104,82.0,4.5,5.3
Keyonte George,2023-24,20.0,193.04,27.0,13.0,75,27,2.8,4.4,0.391,0.533,0.224,-9.3,0.36,7.0,0.9146341463414634,13.0,13.0,0.0,0.224,75.0,16.8,14.6
Khris Middleton,2023-24,32.0,200.66,27.0,15.1,55,31,4.7,5.3,0.493,0.595,0.23,3.4,0.564,5.0,0.6707317073170732,15.1,20.1,0.0,0.259,33.0,11.9,13.7
Killian Hayes,2023-24,22.0,195.58,24.0,6.9,42,7,2.8,4.9,0.413,0.474,0.147,-11.1,0.167,5.0,0.5121951219512195,10.3,6.9,-3.4000000000000004,0.201,76.0,9.0,7.7
Klay Thompson,2023-24,34.0,198.12,29.7,17.9,77,41,3.3,2.3,0.432,0.576,0.234,-0.3,0.532,7.0,0.9390243902439024,21.9,20.4,-4.0,0.256,69.0,14.0,15.9
Kobe Brown,2023-24,24.0,200.66,9.0,2.0,44,27,1.4,0.6,0.411,0.49,0.104,-10.5,0.614,3.0,0.5365853658536586,2.0,2.0,0.0,0.104,44.0,1.9,3.9
Kobe Bufkin,2023-24,20.0,195.58,11.5,4.8,17,8,1.9,1.6,0.37,0.424,0.221,-7.9,0.471,7.0,0.2073170731707317,4.8,4.8,0.0,0.221,17.0,5.3,6.9
Kris Dunn,2023-24,30.0,190.5,18.9,5.4,66,25,2.9,3.8,0.47,0.546,0.132,0.4,0.379,3.0,0.8048780487804879,13.2,7.6,-7.799999999999999,0.195,22.0,6.4,5.1
Kris Murray,2023-24,23.0,203.2,21.7,6.1,62,12,3.6,1.3,0.396,0.481,0.136,-6.0,0.194,4.0,0.7560975609756098,6.1,6.1,0.0,0.136,62.0,4.2,6.2
Kristaps Porziņģis,2023-24,28.0,218.44,29.6,20.1,57,43,7.2,2.0,0.516,0.647,0.247,11.2,0.754,1.0,0.6951219512195121,23.2,20.2,-3.099999999999998,0.272,65.0,19.5,19.7
Kyle Anderson,2023-24,30.0,205.74,22.6,6.4,79,55,3.5,4.2,0.46,0.513,0.14,5.1,0.696,3.0,0.9634146341463414,9.4,7.6,-3.0,0.143,69.0,5.9,6.8
Kyle Kuzma,2023-24,28.0,205.74,32.6,22.2,70,13,6.6,4.2,0.463,0.547,0.295,-11.0,0.186,1.0,0.8536585365853658,21.2,17.1,1.0,0.273,64.0,14.8,19.2
Kyle Lowry,2023-24,38.0,182.88,28.2,8.1,60,32,3.2,4.2,0.432,0.594,0.128,-0.3,0.533,11.0,0.7317073170731707,11.2,13.4,-3.0999999999999996,0.162,55.0,3.9,6.0
Kyrie Irving,2023-24,32.0,187.96,35.0,25.6,58,39,5.0,5.2,0.497,0.608,0.274,6.9,0.672,5.0,0.7073170731707317,27.1,27.4,-1.5,0.286,60.0,24.7,24.0
LaMelo Ball,2023-24,22.0,200.66,32.3,23.9,22,7,5.1,8.0,0.433,0.561,0.315,-8.4,0.318,5.0,0.2682926829268293,23.3,20.1,0.5999999999999979,0.289,36.0,25.2,23.6
Lamar Stevens,2023-24,26.0,200.66,14.7,7.2,38,22,3.3,0.7,0.45,0.516,0.213,1.3,0.579,1.0,0.4634146341463415,5.3,6.1,1.9000000000000004,0.136,62.0,4.4,7.3
Landry Shamet,2023-24,27.0,193.04,15.8,7.1,46,6,1.3,1.2,0.431,0.556,0.181,-9.9,0.13,0.0,0.5609756097560976,8.7,8.3,-1.5999999999999996,0.186,40.0,5.7,5.6
Larry Nance Jr.,2023-24,31.0,203.2,19.9,5.7,61,34,5.0,1.9,0.573,0.653,0.112,3.3,0.557,4.0,0.7439024390243902,6.8,7.0,-1.0999999999999996,0.118,65.0,8.5,5.1
Lauri Markkanen,2023-24,27.0,213.36,33.1,23.2,55,22,8.2,2.0,0.48,0.631,0.241,0.6,0.4,0.0,0.6707317073170732,25.6,14.8,-2.400000000000002,0.259,66.0,19.0,21.2
LeBron James,2023-24,39.0,205.74,35.3,25.7,71,41,7.3,8.3,0.54,0.63,0.285,3.8,0.577,12.0,0.8658536585365854,28.9,30.3,-3.1999999999999993,0.322,55.0,24.4,23.1
Lester Quinones,2023-24,23.0,193.04,10.7,4.4,37,24,1.9,1.0,0.397,0.533,0.171,0.6,0.649,4.0,0.45121951219512196,2.5,2.5,1.9000000000000004,0.283,4.0,6.6,5.9
Lindy Waters III,2023-24,26.0,198.12,7.4,3.6,38,25,1.1,0.6,0.471,0.653,0.167,-7.7,0.658,1.0,0.4634146341463415,5.2,8.0,-1.6,0.148,41.0,4.9,4.9
Lonnie Walker IV,2023-24,25.0,193.04,17.4,9.7,58,23,2.2,1.3,0.423,0.545,0.235,-0.6,0.397,2.0,0.7073170731707317,11.7,12.1,-2.0,0.198,56.0,12.4,10.0
Luguentz Dort,2023-24,25.0,193.04,28.4,10.9,79,54,3.6,1.4,0.438,0.593,0.152,7.8,0.684,2.0,0.9634146341463414,13.7,17.2,-2.799999999999999,0.194,74.0,10.1,12.2
Luka Dončić,2023-24,25.0,200.66,37.5,33.9,70,46,9.2,9.8,0.487,0.617,0.355,5.8,0.657,2.0,0.8536585365853658,32.4,28.4,1.5,0.368,66.0,28.2,34.1
Luka Garza,2023-24,25.0,208.28,4.9,4.0,25,17,1.2,0.2,0.48,0.576,0.278,-0.6,0.68,2.0,0.3048780487804878,6.5,5.8,-2.5,0.245,28.0,3.5,5.1
Luke Kennard,2023-24,28.0,195.58,25.6,11.0,39,15,2.9,3.5,0.448,0.641,0.166,-8.8,0.385,1.0,0.47560975609756095,9.3,11.9,1.6999999999999993,0.144,59.0,8.9,9.5
Luke Kornet,2023-24,28.0,215.9,15.6,5.3,63,48,4.1,1.1,0.7,0.736,0.107,12.1,0.762,1.0,0.7682926829268293,3.8,2.0,1.5,0.111,69.0,6.0,5.4
Malachi Flynn,2023-24,26.0,185.42000000000002,12.7,5.5,69,28,1.7,1.9,0.418,0.533,0.199,-9.8,0.406,1.0,0.8414634146341463,4.6,4.3,0.9000000000000004,0.168,53.0,4.0,5.7
Malaki Branham,2023-24,21.0,193.04,21.3,9.2,75,18,2.0,2.1,0.432,0.526,0.192,-11.1,0.24,6.0,0.9146341463414634,10.2,10.2,-1.0,0.188,66.0,5.0,10.2
Malcolm Brogdon,2023-24,31.0,193.04,28.7,15.7,39,15,3.8,5.5,0.44,0.56,0.226,-3.7,0.385,4.0,0.47560975609756095,14.9,19.1,0.7999999999999989,0.223,67.0,12.7,13.8
Malik Beasley,2023-24,27.0,193.04,29.6,11.3,79,46,3.7,1.4,0.443,0.603,0.142,5.8,0.582,0.0,0.9634146341463414,12.7,12.1,-1.3999999999999986,0.207,81.0,16.3,11.0
Malik Monk,2023-24,26.0,190.5,26.0,15.4,72,42,2.9,5.1,0.443,0.564,0.247,0.1,0.583,1.0,0.8780487804878049,13.5,13.8,1.9000000000000004,0.247,77.0,17.2,15.4
MarJon Beauchamp,2023-24,23.0,200.66,12.7,4.4,48,30,2.1,0.6,0.488,0.592,0.141,-1.0,0.625,4.0,0.5853658536585366,5.1,5.1,-0.6999999999999993,0.175,52.0,2.3,6.3
Marcus Sasser,2023-24,23.0,187.96,19.0,8.3,71,11,1.8,3.3,0.428,0.542,0.195,-8.7,0.155,4.0,0.8658536585365854,8.3,8.3,0.0,0.195,71.0,6.6,8.6
Marcus Smart,2023-24,30.0,190.5,30.2,14.5,20,7,2.7,4.3,0.43,0.552,0.225,-0.8,0.35,3.0,0.24390243902439024,11.5,12.1,3.0,0.176,61.0,9.0,11.7
Mark Williams,2023-24,22.0,213.36,26.8,12.7,19,7,9.7,1.2,0.649,0.675,0.162,-1.2,0.368,5.0,0.23170731707317074,9.0,9.0,3.6999999999999993,0.168,43.0,15.3,12.3
Markelle Fultz,2023-24,26.0,193.04,21.2,7.8,43,25,3.2,2.8,0.472,0.492,0.182,0.6,0.581,1.0,0.524390243902439,14.0,10.8,-6.2,0.208,60.0,2.9,8.5
Markieff Morris,2023-24,34.0,205.74,8.3,2.5,26,15,1.5,0.6,0.338,0.467,0.153,-15.3,0.577,7.0,0.3170731707317073,3.8,7.6,-1.2999999999999998,0.159,35.0,3.7,1.8
Marvin Bagley III,2023-24,25.0,208.28,21.1,11.7,50,7,6.2,1.1,0.586,0.629,0.204,-6.0,0.14,2.0,0.6097560975609756,12.0,11.3,-0.3000000000000007,0.202,42.0,4.4,10.3
Mason Plumlee,2023-24,34.0,208.28,14.7,5.3,46,29,5.1,1.2,0.569,0.621,0.147,0.3,0.63,7.0,0.5609756097560976,10.8,6.5,-5.500000000000001,0.149,79.0,4.5,4.8
Matisse Thybulle,2023-24,27.0,195.58,22.9,5.4,65,18,2.1,1.4,0.397,0.537,0.105,-7.4,0.277,0.0,0.7926829268292683,4.1,5.7,1.3000000000000007,0.102,71.0,7.5,4.2
Matt Ryan,2023-24,27.0,198.12,13.9,5.4,28,14,1.4,0.6,0.434,0.638,0.144,1.4,0.5,0.0,0.34146341463414637,3.6,3.0,1.8000000000000003,0.157,34.0,1.5,4.7
Max Christie,2023-24,21.0,195.58,14.1,4.2,67,38,2.1,0.9,0.427,0.544,0.132,-1.1,0.567,6.0,0.8170731707317073,3.1,3.1,1.1,0.1,41.0,9.6,6.7
Max Strus,2023-24,28.0,195.58,32.0,12.2,70,43,4.8,4.0,0.418,0.553,0.167,5.6,0.614,1.0,0.8536585365853658,11.5,10.6,0.6999999999999993,0.17,80.0,9.4,11.6
Maxi Kleber,2023-24,32.0,208.28,20.3,4.4,43,27,3.3,1.6,0.432,0.573,0.096,6.6,0.628,5.0,0.524390243902439,5.9,7.0,-1.5,0.1,37.0,3.0,3.6
Micah Potter,2023-24,26.0,205.74,11.6,3.3,16,3,2.7,0.4,0.475,0.609,0.109,-8.4,0.188,1.0,0.1951219512195122,3.4,4.0,-0.10000000000000009,0.121,7.0,4.3,2.4
Michael Porter Jr.,2023-24,26.0,208.28,31.7,16.7,81,57,7.0,1.5,0.484,0.601,0.202,8.1,0.704,1.0,0.9878048780487805,17.4,9.9,-0.6999999999999993,0.22,62.0,18.2,16.4
Mikal Bridges,2023-24,27.0,198.12,34.8,19.6,82,32,4.5,3.6,0.436,0.56,0.238,-3.3,0.39,0.0,1.0,20.1,14.2,-0.5,0.223,83.0,17.6,17.7
Mike Conley,2023-24,36.0,182.88,28.9,11.4,76,53,2.9,5.9,0.457,0.627,0.157,5.7,0.697,9.0,0.926829268292683,11.9,13.7,-0.5,0.161,67.0,8.2,10.2
Miles Bridges,2023-24,26.0,200.66,37.4,21.0,69,17,7.3,3.3,0.462,0.556,0.242,-12.1,0.246,1.0,0.8414634146341463,20.2,12.7,0.8000000000000007,0.224,80.0,20.3,18.5
Miles McBride,2023-24,23.0,185.42000000000002,19.5,8.3,68,42,1.5,1.7,0.452,0.59,0.164,0.0,0.618,4.0,0.8292682926829268,3.5,2.2,4.800000000000001,0.141,64.0,9.5,9.2
Mitchell Robinson,2023-24,26.0,213.36,24.8,5.6,31,19,8.5,0.6,0.575,0.554,0.099,1.1,0.613,1.0,0.3780487804878049,7.4,8.5,-1.8000000000000007,0.101,59.0,5.1,5.8
Mo Bamba,2023-24,26.0,213.36,13.0,4.4,57,30,4.2,0.7,0.49,0.575,0.149,-3.0,0.526,1.0,0.6951219512195121,6.6,10.6,-2.1999999999999993,0.166,49.0,4.3,5.4
Monte Morris,2023-24,29.0,187.96,14.4,5.0,33,21,1.7,2.1,0.405,0.508,0.151,9.4,0.636,2.0,0.4024390243902439,10.3,12.6,-5.300000000000001,0.155,62.0,5.2,6.1
Moritz Wagner,2023-24,27.0,210.82,17.7,10.9,80,46,4.3,1.2,0.601,0.676,0.22,3.1,0.575,0.0,0.975609756097561,10.5,9.0,0.40000000000000036,0.201,57.0,12.9,10.5
Moses Brown,2023-24,24.0,218.44,9.1,3.4,22,4,3.9,0.3,0.508,0.477,0.176,-14.4,0.182,3.0,0.2682926829268293,4.3,4.3,-0.8999999999999999,0.188,36.0,5.8,3.3
Moses Moody,2023-24,22.0,195.58,17.5,8.1,66,38,3.0,0.9,0.462,0.578,0.176,3.1,0.576,5.0,0.8048780487804879,4.8,4.4,3.3,0.141,63.0,9.8,9.6
Myles Turner,2023-24,28.0,210.82,27.0,17.1,77,45,6.9,1.3,0.524,0.626,0.234,5.1,0.584,1.0,0.9390243902439024,18.0,12.9,-0.8999999999999986,0.225,62.0,15.6,16.1
Naji Marshall,2023-24,26.0,198.12,19.0,7.1,66,41,3.6,1.9,0.463,0.576,0.158,8.7,0.621,1.0,0.8048780487804879,9.1,5.7,-2.0,0.172,77.0,13.2,8.0
Nate Williams,2023-24,25.0,195.58,5.9,2.9,22,11,1.0,0.3,0.54,0.565,0.173,6.9,0.5,2.0,0.2682926829268293,10.6,10.6,-7.699999999999999,0.139,5.0,3.3,4.5
Naz Reid,2023-24,24.0,205.74,24.2,13.5,81,56,5.2,1.3,0.477,0.595,0.223,5.7,0.691,3.0,0.9878048780487805,11.5,8.3,2.0,0.242,68.0,14.2,14.2
Neemias Queta,2023-24,24.0,213.36,11.9,5.5,28,24,4.4,0.7,0.644,0.662,0.16,20.4,0.857,3.0,0.34146341463414637,2.4,3.0,3.1,0.141,5.0,5.0,6.7
Nic Claxton,2023-24,25.0,210.82,29.8,11.8,71,27,9.9,2.1,0.629,0.629,0.156,-5.6,0.38,2.0,0.8658536585365854,12.6,8.7,-0.7999999999999989,0.155,76.0,10.3,11.2
Nick Richards,2023-24,26.0,213.36,26.2,9.7,67,14,8.0,0.8,0.691,0.717,0.131,-11.9,0.209,1.0,0.8170731707317073,8.2,3.0,1.5,0.151,65.0,9.3,7.4
Nick Smith Jr.,2023-24,20.0,187.96,14.3,5.9,51,9,1.4,1.2,0.391,0.511,0.202,-12.4,0.176,7.0,0.6219512195121951,5.9,5.9,0.0,0.202,51.0,9.9,7.3
Nickeil Alexander-Walker,2023-24,25.0,195.58,23.4,8.0,82,56,2.0,2.5,0.439,0.578,0.143,7.6,0.683,2.0,1.0,6.2,10.6,1.7999999999999998,0.177,59.0,9.4,9.1
Nicolas Batum,2023-24,35.0,203.2,25.5,5.3,60,36,4.1,2.1,0.453,0.603,0.085,5.6,0.6,8.0,0.7317073170731707,6.1,8.3,-0.7999999999999998,0.111,78.0,4.0,3.9
Nikola Jokić,2023-24,29.0,210.82,34.6,26.4,79,55,12.4,9.0,0.583,0.65,0.288,11.8,0.696,2.0,0.9634146341463414,24.5,27.1,1.8999999999999986,0.263,69.0,29.6,26.5
Nikola Jović,2023-24,21.0,208.28,19.5,7.7,46,24,4.2,2.0,0.452,0.583,0.171,7.8,0.522,6.0,0.5609756097560976,5.5,5.5,2.2,0.185,15.0,10.7,9.1
Nikola Vučević,2023-24,33.0,208.28,34.3,18.0,76,36,10.5,3.3,0.484,0.54,0.233,-3.1,0.474,6.0,0.926829268292683,17.6,17.6,0.3999999999999986,0.218,82.0,18.5,15.8
Noah Clowney,2023-24,19.0,205.74,16.1,5.8,23,10,3.5,0.8,0.538,0.626,0.137,-6.9,0.435,8.0,0.2804878048780488,5.8,5.8,0.0,0.137,23.0,9.1,7.8
Norman Powell,2023-24,31.0,193.04,26.2,13.9,76,48,2.6,1.1,0.486,0.626,0.193,5.1,0.632,4.0,0.926829268292683,17.0,19.0,-3.0999999999999996,0.251,60.0,21.8,13.0
OG Anunoby,2023-24,26.0,200.66,34.0,14.7,50,31,4.2,2.1,0.489,0.595,0.173,10.9,0.62,1.0,0.6097560975609756,16.8,17.1,-2.1000000000000014,0.192,67.0,18.0,14.1
Obi Toppin,2023-24,26.0,205.74,21.1,10.3,82,47,3.9,1.6,0.573,0.677,0.16,3.6,0.573,1.0,1.0,7.4,9.0,2.9000000000000004,0.187,67.0,10.5,10.2
Ochai Agbaji,2023-24,24.0,195.58,21.0,5.8,78,31,2.8,1.1,0.411,0.497,0.131,-7.1,0.397,3.0,0.9512195121951219,7.9,7.9,-2.1000000000000005,0.154,59.0,10.4,6.6
Olivier-Maxence Prosper,2023-24,21.0,200.66,8.4,3.0,40,24,2.0,0.6,0.385,0.496,0.153,-13.2,0.6,6.0,0.4878048780487805,3.0,3.0,0.0,0.153,40.0,3.9,5.8
Onyeka Okongwu,2023-24,23.0,208.28,25.5,10.2,55,23,6.8,1.3,0.611,0.674,0.134,-0.9,0.418,4.0,0.6707317073170732,9.9,8.2,0.29999999999999893,0.15,80.0,13.4,10.5
Orlando Robinson,2023-24,23.0,208.28,8.4,2.8,36,20,2.3,0.9,0.5,0.596,0.143,3.5,0.556,4.0,0.43902439024390244,3.7,3.7,-0.9000000000000004,0.116,31.0,6.9,4.7
Oshae Brissett,2023-24,26.0,200.66,11.5,3.7,55,46,2.9,0.8,0.444,0.53,0.136,10.8,0.836,1.0,0.6707317073170732,6.1,9.1,-2.3999999999999995,0.155,65.0,8.7,6.2
Ousmane Dieng,2023-24,21.0,205.74,11.1,4.0,33,21,1.5,1.1,0.422,0.54,0.167,1.1,0.636,6.0,0.4024390243902439,4.9,4.9,-0.9000000000000004,0.154,39.0,3.8,6.7
P.J. Tucker,2023-24,39.0,195.58,15.7,1.7,31,13,2.7,0.5,0.36,0.507,0.052,-1.3,0.419,12.0,0.3780487804878049,3.5,7.6,-1.8,0.066,75.0,3.0,-0.1
P.J. Washington,2023-24,25.0,200.66,30.4,12.9,73,30,5.6,1.9,0.436,0.537,0.185,-2.8,0.411,2.0,0.8902439024390244,15.7,10.3,-2.799999999999999,0.2,73.0,14.7,12.5
Paolo Banchero,2023-24,21.0,208.28,35.0,22.6,80,46,6.9,5.4,0.455,0.546,0.292,0.0,0.575,6.0,0.975609756097561,20.0,20.0,2.6000000000000014,0.272,72.0,25.9,23.7
Pascal Siakam,2023-24,30.0,203.2,33.2,21.7,80,38,7.1,4.3,0.536,0.601,0.25,2.2,0.475,3.0,0.975609756097561,24.2,22.8,-2.5,0.27,71.0,20.2,20.2
Pat Connaughton,2023-24,31.0,195.58,22.1,5.6,76,45,3.1,2.1,0.435,0.574,0.106,-0.8,0.592,4.0,0.926829268292683,7.6,9.9,-2.0,0.133,61.0,5.3,5.4
Patrick Baldwin Jr.,2023-24,21.0,205.74,13.0,4.4,38,6,3.2,0.8,0.381,0.502,0.153,-2.5,0.158,6.0,0.4634146341463415,3.9,3.9,0.5000000000000004,0.227,31.0,2.2,5.5
Patrick Williams,2023-24,22.0,200.66,27.3,10.0,43,19,3.9,1.5,0.443,0.553,0.163,-1.2,0.442,5.0,0.524390243902439,10.2,9.0,-0.1999999999999993,0.156,82.0,9.0,10.6
Patty Mills,2023-24,35.0,187.96,13.0,4.0,32,15,1.1,1.1,0.351,0.467,0.152,0.3,0.469,8.0,0.3902439024390244,6.2,11.4,-2.2,0.182,40.0,3.8,2.9
Paul George,2023-24,34.0,203.2,33.8,22.6,74,48,5.2,3.5,0.471,0.613,0.264,9.1,0.649,7.0,0.9024390243902439,23.8,24.3,-1.1999999999999993,0.294,56.0,16.2,20.5
Paul Reed,2023-24,25.0,205.74,19.4,7.3,82,47,6.0,1.3,0.54,0.58,0.156,4.2,0.573,2.0,1.0,4.2,3.1,3.0999999999999996,0.152,69.0,4.1,7.8
Payton Pritchard,2023-24,26.0,185.42000000000002,22.3,9.6,82,64,3.2,3.4,0.468,0.597,0.168,13.6,0.78,1.0,1.0,5.6,6.2,4.0,0.193,48.0,14.3,10.4
Peyton Watson,2023-24,21.0,200.66,18.6,6.7,80,56,3.2,1.1,0.465,0.539,0.16,-0.7,0.7,6.0,0.975609756097561,3.3,3.3,3.4000000000000004,0.174,23.0,8.1,8.7
Precious Achiuwa,2023-24,24.0,203.2,21.9,7.6,74,40,6.6,1.3,0.501,0.545,0.158,-1.0,0.541,3.0,0.9024390243902439,9.2,9.1,-1.5999999999999996,0.19,55.0,6.6,8.8
Quentin Grimes,2023-24,24.0,195.58,20.1,7.0,51,32,2.0,1.3,0.372,0.516,0.155,-0.9,0.627,3.0,0.6219512195121951,11.3,6.0,-4.300000000000001,0.142,71.0,14.6,8.5
RJ Barrett,2023-24,24.0,198.12,31.7,20.2,58,26,5.4,3.3,0.495,0.58,0.257,-3.3,0.448,3.0,0.7073170731707317,19.6,20.0,0.5999999999999979,0.256,73.0,21.1,19.8
Rayan Rupert,2023-24,20.0,198.12,16.2,4.0,39,7,2.4,1.6,0.335,0.451,0.131,-9.8,0.179,7.0,0.47560975609756095,4.0,4.0,0.0,0.131,39.0,3.0,5.6
Reggie Jackson,2023-24,34.0,187.96,22.2,10.2,82,57,1.9,3.8,0.431,0.521,0.209,1.4,0.695,7.0,1.0,10.2,16.8,0.0,0.205,68.0,4.4,9.7
Richaun Holmes,2023-24,30.0,205.74,13.9,5.0,40,13,4.6,0.6,0.558,0.593,0.141,-7.7,0.325,3.0,0.4878048780487805,3.1,10.4,1.9,0.132,42.0,7.4,3.7
Ricky Council IV,2023-24,22.0,198.12,9.0,5.4,32,15,1.4,0.5,0.482,0.604,0.208,2.7,0.469,5.0,0.3902439024390244,5.4,5.4,0.0,0.208,32.0,7.3,6.9
Royce O'Neale,2023-24,31.0,198.12,24.7,7.7,79,38,4.8,2.8,0.397,0.548,0.134,3.2,0.481,4.0,0.9634146341463414,8.8,7.4,-1.1000000000000005,0.136,76.0,9.1,7.0
Rudy Gobert,2023-24,32.0,215.9,34.1,14.0,76,53,12.9,1.3,0.661,0.675,0.152,8.0,0.697,5.0,0.926829268292683,13.4,15.6,0.5999999999999996,0.161,70.0,12.0,12.6
Rui Hachimura,2023-24,26.0,203.2,26.8,13.6,68,40,4.3,1.2,0.537,0.628,0.182,2.5,0.588,1.0,0.8292682926829268,11.2,11.3,2.4000000000000004,0.194,63.0,13.1,12.8
Russell Westbrook,2023-24,35.0,193.04,22.5,11.1,68,45,5.0,4.5,0.454,0.514,0.239,3.7,0.662,8.0,0.8292682926829268,15.9,18.5,-4.800000000000001,0.266,73.0,13.3,10.8
Sam Hauser,2023-24,26.0,200.66,22.0,9.0,79,62,3.5,1.0,0.446,0.629,0.146,14.2,0.785,1.0,0.9634146341463414,6.4,2.5,2.5999999999999996,0.141,80.0,8.5,9.7
Sam Merrill,2023-24,28.0,193.04,17.5,8.0,61,36,2.0,1.8,0.402,0.598,0.17,-0.3,0.59,1.0,0.7439024390243902,5.0,4.2,3.0,0.177,5.0,7.2,7.2
Sandro Mamukelashvili,2023-24,25.0,205.74,9.8,4.1,46,12,3.2,1.1,0.471,0.559,0.169,4.1,0.261,2.0,0.5609756097560976,6.1,3.8,-2.0,0.177,43.0,6.3,4.5
Santi Aldama,2023-24,23.0,213.36,26.5,10.7,61,23,5.8,2.3,0.435,0.539,0.177,-8.3,0.377,4.0,0.7439024390243902,9.0,4.1,1.6999999999999993,0.157,77.0,12.5,10.6
Scoot Henderson,2023-24,20.0,190.5,28.5,14.0,62,18,3.1,5.4,0.385,0.489,0.26,-13.0,0.29,7.0,0.7560975609756098,14.0,14.0,0.0,0.26,62.0,12.7,15.1
Scottie Barnes,2023-24,22.0,200.66,34.9,19.9,60,22,8.2,6.1,0.475,0.566,0.24,-3.2,0.367,5.0,0.7317073170731707,15.3,15.3,4.599999999999998,0.2,77.0,19.3,19.9
Scotty Pippen Jr.,2023-24,23.0,185.42000000000002,25.1,12.9,21,5,3.2,4.7,0.493,0.596,0.227,-7.5,0.238,4.0,0.25609756097560976,2.3,2.3,10.600000000000001,0.231,6.0,9.9,10.8
Seth Curry,2023-24,33.0,185.42000000000002,14.0,5.1,44,25,1.5,1.0,0.392,0.519,0.159,3.1,0.568,6.0,0.5365853658536586,9.2,15.0,-4.1,0.188,61.0,6.5,5.1
Shaedon Sharpe,2023-24,21.0,195.58,33.1,15.9,32,8,5.0,2.9,0.406,0.524,0.22,-10.3,0.25,6.0,0.3902439024390244,9.9,9.9,6.0,0.186,80.0,18.5,15.1
Shai Gilgeous-Alexander,2023-24,25.0,198.12,34.0,30.1,75,55,5.5,6.2,0.535,0.636,0.317,11.3,0.733,2.0,0.9146341463414634,31.4,24.5,-1.2999999999999972,0.318,68.0,32.7,30.4
Shake Milton,2023-24,27.0,195.58,12.1,4.5,48,32,1.6,1.3,0.405,0.499,0.173,-4.8,0.667,0.0,0.5853658536585366,8.4,8.2,-3.9000000000000004,0.175,76.0,5.5,5.8
Sidy Cissoko,2023-24,20.0,198.12,11.7,3.8,12,5,1.8,0.8,0.485,0.568,0.124,8.7,0.417,7.0,0.14634146341463414,3.8,3.8,0.0,0.124,12.0,1.5,5.8
Simone Fontecchio,2023-24,28.0,200.66,24.9,10.5,66,29,3.7,1.5,0.46,0.6,0.159,-1.5,0.439,1.0,0.8048780487804879,6.3,6.3,4.2,0.192,52.0,5.9,8.7
Spencer Dinwiddie,2023-24,31.0,195.58,28.3,10.5,76,38,2.7,4.7,0.392,0.543,0.161,1.6,0.5,4.0,0.926829268292683,17.3,13.7,-6.800000000000001,0.22,79.0,11.0,10.1
Stanley Umude,2023-24,25.0,198.12,12.8,5.3,24,4,2.1,0.5,0.44,0.647,0.15,-9.7,0.167,2.0,0.2926829268292683,2.0,2.0,3.3,0.5,1.0,0.7,3.8
Stephen Curry,2023-24,36.0,187.96,32.7,26.4,74,43,4.5,5.1,0.45,0.616,0.302,2.7,0.581,9.0,0.9024390243902439,29.4,25.5,-3.0,0.297,56.0,24.5,23.9
Svi Mykhailiuk,2023-24,27.0,200.66,10.1,4.0,41,32,1.2,0.9,0.416,0.575,0.156,18.5,0.78,0.0,0.5,6.9,4.6,-2.9000000000000004,0.191,32.0,8.8,5.3
T.J. McConnell,2023-24,32.0,185.42000000000002,18.2,10.2,71,40,2.7,5.5,0.556,0.586,0.229,3.7,0.563,5.0,0.8658536585365854,8.7,8.5,1.5,0.182,75.0,9.1,9.4
Taj Gibson,2023-24,39.0,205.74,10.2,1.7,20,8,1.9,0.6,0.405,0.449,0.092,-5.3,0.4,12.0,0.24390243902439024,3.4,4.4,-1.7,0.151,49.0,2.9,-0.6
Talen Horton-Tucker,2023-24,23.0,193.04,19.8,10.1,51,14,2.4,3.5,0.396,0.503,0.234,-5.4,0.275,4.0,0.6219512195121951,10.7,10.0,-0.5999999999999996,0.25,65.0,6.5,10.6
Tari Eason,2023-24,23.0,203.2,21.8,9.8,22,12,7.0,1.2,0.466,0.528,0.188,9.4,0.545,4.0,0.2682926829268293,9.3,9.3,0.5,0.184,82.0,12.0,10.9
Taurean Prince,2023-24,30.0,198.12,27.0,8.9,78,44,2.9,1.5,0.442,0.579,0.134,-2.6,0.564,3.0,0.9512195121951219,9.1,7.3,-0.1999999999999993,0.165,54.0,8.2,7.5
Taylor Hendricks,2023-24,20.0,205.74,21.4,7.3,40,13,4.6,0.8,0.45,0.578,0.135,-8.1,0.325,7.0,0.4878048780487805,7.3,7.3,0.0,0.135,40.0,4.7,8.6
Terance Mann,2023-24,27.0,195.58,25.0,8.8,75,47,3.4,1.6,0.515,0.615,0.135,1.9,0.627,0.0,0.9146341463414634,8.8,10.8,0.0,0.149,81.0,7.7,8.8
Terry Rozier,2023-24,30.0,185.42000000000002,33.4,19.8,61,22,4.0,5.6,0.443,0.555,0.253,-7.0,0.361,3.0,0.7439024390243902,21.1,19.3,-1.3000000000000007,0.262,63.0,10.6,17.6
Terry Taylor,2023-24,24.0,193.04,6.1,1.5,31,12,1.2,0.3,0.513,0.558,0.108,2.7,0.387,3.0,0.3780487804878049,2.9,9.6,-1.4,0.129,31.0,0.0,3.2
Thomas Bryant,2023-24,26.0,208.28,11.6,5.7,38,22,3.7,0.6,0.577,0.639,0.187,2.1,0.579,1.0,0.4634146341463415,9.8,7.4,-4.1000000000000005,0.181,59.0,6.5,6.5
Tim Hardaway Jr.,2023-24,32.0,195.58,26.8,14.4,79,49,3.2,1.8,0.402,0.542,0.22,-0.1,0.62,5.0,0.9634146341463414,14.4,14.2,0.0,0.201,71.0,11.0,13.0
Tobias Harris,2023-24,31.0,203.2,33.8,17.2,70,41,6.5,3.1,0.487,0.576,0.203,4.6,0.586,4.0,0.8536585365853658,14.7,17.2,2.5,0.18,74.0,13.7,15.4
Torrey Craig,2023-24,33.0,195.58,19.8,5.7,53,22,4.1,1.1,0.43,0.568,0.121,-7.3,0.415,6.0,0.6463414634146342,7.4,6.6,-1.7000000000000002,0.128,79.0,4.2,4.3
Tosan Evbuomwan,2023-24,23.0,200.66,21.6,5.9,17,1,3.5,0.9,0.507,0.616,0.108,-15.6,0.059,4.0,0.2073170731707317,5.9,5.9,0.0,0.108,17.0,9.5,4.8
Toumani Camara,2023-24,24.0,200.66,24.8,7.5,70,19,4.9,1.2,0.45,0.547,0.134,-4.6,0.271,3.0,0.8536585365853658,7.5,7.5,0.0,0.134,70.0,11.3,7.4
Trae Young,2023-24,25.0,185.42000000000002,36.0,25.7,54,22,2.8,10.8,0.43,0.585,0.289,-2.5,0.407,2.0,0.6585365853658537,26.2,28.4,-0.5,0.313,73.0,24.2,25.6
Trayce Jackson-Davis,2023-24,24.0,205.74,16.6,7.9,68,39,5.0,1.2,0.702,0.692,0.157,1.1,0.574,3.0,0.8292682926829268,7.9,7.9,0.0,0.157,68.0,6.6,8.9
Tre Jones,2023-24,24.0,185.42000000000002,27.8,10.0,77,21,3.8,6.2,0.505,0.591,0.149,-0.9,0.273,3.0,0.9390243902439024,12.9,6.0,-2.9000000000000004,0.189,68.0,7.2,10.2
Tre Mann,2023-24,23.0,190.5,24.1,9.3,41,21,3.6,4.0,0.459,0.559,0.183,-7.0,0.512,4.0,0.5,7.7,10.4,1.6000000000000005,0.2,67.0,14.1,10.2
Trendon Watford,2023-24,23.0,203.2,13.6,6.9,63,25,3.1,1.3,0.527,0.611,0.203,-3.8,0.397,4.0,0.7682926829268293,7.4,7.6,-0.5,0.158,62.0,10.2,8.0
Trevelin Queen,2023-24,27.0,195.58,11.8,2.9,14,5,1.4,1.3,0.368,0.462,0.137,0.2,0.357,0.0,0.17073170731707318,3.0,4.3,-0.10000000000000009,0.194,7.0,4.9,2.3
Trey Jemison III,2023-24,24.0,208.28,23.0,6.8,25,5,5.4,1.1,0.551,0.582,0.132,-7.3,0.2,3.0,0.3048780487804878,6.8,6.8,0.0,0.132,25.0,2.5,5.7
Trey Lyles,2023-24,28.0,205.74,20.0,7.2,58,33,4.4,1.2,0.445,0.596,0.139,7.7,0.569,1.0,0.7073170731707317,7.6,10.5,-0.39999999999999947,0.174,74.0,6.5,7.4
Trey Murphy III,2023-24,24.0,203.2,29.7,14.8,57,35,4.9,2.2,0.443,0.612,0.182,7.0,0.614,3.0,0.6951219512195121,14.5,5.4,0.3000000000000007,0.159,79.0,21.2,14.9
Tristan Thompson,2023-24,33.0,205.74,11.2,3.3,49,28,3.6,1.0,0.613,0.567,0.132,-0.5,0.571,6.0,0.5975609756097561,6.0,7.6,-2.7,0.168,57.0,1.7,2.7
Tyler Herro,2023-24,24.0,195.58,33.5,20.8,42,23,5.3,4.5,0.441,0.558,0.268,1.0,0.548,3.0,0.5121951219512195,20.1,20.7,0.6999999999999993,0.25,67.0,23.9,20.6
Tyrese Haliburton,2023-24,24.0,195.58,32.2,20.1,69,40,3.9,10.9,0.477,0.605,0.239,6.2,0.58,3.0,0.8414634146341463,20.7,15.3,-0.5999999999999979,0.238,56.0,18.6,21.1
Tyrese Maxey,2023-24,23.0,187.96,37.5,25.9,70,43,3.7,6.2,0.45,0.573,0.273,5.2,0.614,4.0,0.8536585365853658,20.3,17.5,5.599999999999998,0.236,60.0,26.3,25.5
Tyus Jones,2023-24,28.0,185.42000000000002,29.3,12.0,66,11,2.7,7.3,0.489,0.578,0.161,-11.9,0.167,1.0,0.8048780487804879,10.3,8.7,1.6999999999999993,0.175,80.0,10.2,10.0
Vasilije Micic,2023-24,30.0,190.5,19.6,7.0,60,34,1.5,4.4,0.43,0.524,0.189,-3.1,0.567,3.0,0.7317073170731707,7.0,7.0,0.0,0.189,60.0,6.6,6.5
Victor Wembanyama,2023-24,20.0,223.52,29.7,21.4,71,19,10.6,3.9,0.465,0.565,0.312,-3.2,0.268,7.0,0.8658536585365854,21.4,21.4,0.0,0.312,71.0,24.3,22.5
Vince Williams Jr.,2023-24,23.0,193.04,27.6,10.0,52,18,5.6,3.4,0.446,0.597,0.155,-3.0,0.346,4.0,0.6341463414634146,2.0,2.0,8.0,0.176,15.0,6.6,9.0
Vít Krejčí,2023-24,24.0,203.2,24.6,6.1,22,9,2.4,2.3,0.49,0.633,0.098,-0.3,0.409,3.0,0.2682926829268293,1.2,6.2,4.8999999999999995,0.108,29.0,7.2,5.3
Walker Kessler,2023-24,22.0,213.36,23.3,8.1,64,26,7.5,0.9,0.654,0.663,0.127,-4.5,0.406,5.0,0.7804878048780488,9.2,9.2,-1.0999999999999996,0.13,74.0,11.1,9.1
Wendell Carter Jr.,2023-24,25.0,208.28,25.6,11.0,55,30,6.9,1.7,0.525,0.623,0.172,1.1,0.545,2.0,0.6707317073170732,15.2,15.0,-4.199999999999999,0.204,57.0,9.1,11.6
Xavier Tillman,2023-24,25.0,200.66,18.0,5.3,54,30,3.9,1.4,0.434,0.472,0.146,-2.9,0.556,2.0,0.6585365853658537,7.0,4.8,-1.7000000000000002,0.136,61.0,1.0,6.2
Zach Collins,2023-24,26.0,210.82,22.1,11.2,69,19,5.4,2.8,0.484,0.565,0.224,-11.4,0.275,1.0,0.8414634146341463,11.6,7.8,-0.40000000000000036,0.209,63.0,6.4,10.1
Zach LaVine,2023-24,29.0,195.58,34.9,19.5,25,10,5.2,3.9,0.452,0.578,0.238,-5.4,0.4,2.0,0.3048780487804878,24.8,24.4,-5.300000000000001,0.278,77.0,23.3,17.8
Zeke Nnaji,2023-24,23.0,205.74,9.9,3.2,58,41,2.2,0.6,0.463,0.528,0.15,-11.9,0.707,4.0,0.7073170731707317,5.2,6.6,-2.0,0.149,53.0,3.2,5.9
Ziaire Williams,2023-24,22.0,205.74,20.3,8.2,51,20,3.5,1.5,0.397,0.511,0.192,-9.9,0.392,5.0,0.6219512195121951,5.7,8.1,2.499999999999999,0.178,37.0,10.0,8.8
Zion Williamson,2023-24,23.0,198.12,31.5,22.9,70,42,5.8,5.0,0.57,0.61,0.285,2.9,0.6,4.0,0.8536585365853658,26.0,27.0,-3.1000000000000014,0.288,29.0,24.6,23.8
